-1.00222, -0.0513341, -0.110392
0.841493, 0.180051, 0.397349
-0.11039, -0.311053, -0.911173
0.938958, -0.311704, 0.134363
-0.70939, -0.561191, -0.45304
-0.275025, 0.391907, 0.810482
-0.297234, -0.467161, 0.79245
0.257547, -0.266512, 0.884359
-0.554752, 0.756102, 0.29763
0.189532, 0.919493, 0.174424
-0.170639, 0.63704, -0.782523
0.637373, -0.585286, 0.613651
0.708798, 0.508005, -0.544496
0.462107, 0.478285, -0.761729
-0.760391, 0.154443, -0.703057
-0.37819, -0.912219, 0.0527598
0.31896, -0.271014, -0.899547
0.950951, 0.494303, -0.0920539
0.723075, 0.41598, -0.530528
0.392097, 0.841347, -0.466814
0.607875, 0.774008, 0.159486
-0.510628, -0.268563, -0.80226
0.358874, -0.910611, -0.293365
0.155161, 0.162213, 0.932181
0.337061, 0.309894, 0.926352
0.726452, 0.667124, -0.229487
-0.863878, 0.0832223, -0.515707
-0.906906, 0.380808, -0.326622
0.937534, 0.36377, 0.0898557
0.610649, -0.567272, -0.574164
-0.650826, -0.312414, 0.670049
-0.877887, 0.471375, 0.124017
-0.619925, 0.568021, 0.639023
-0.157593, 0.236601, -0.977384
0.248744, 0.597296, -0.781852
-0.565296, 0.748402, 0.318515
-0.584158, -0.286069, 0.711466
0.648011, 0.791511, -0.056279
0.890702, -0.364931, 0.20569
-0.492167, 0.875087, -0.00522385
-0.386205, -0.213531, -0.925503
-0.880068, -0.0551833, 0.512465
-0.112704, 0.37381, 0.877034
0.248921, -0.865462, -0.410023
-0.960572, 0.0979996, -0.331919
-0.385303, 0.397797, 0.858623
-0.483813, -0.7306, -0.511307
0.83317, -0.313672, -0.32688
0.102904, 0.483042, 0.860003
0.505829, 0.417446, 0.724347
0.394781, 0.684315, 0.577637
0.244772, -0.204476, 0.954859
0.964375, 0.10771, 0.28282
0.688595, -0.702148, 0.266965
0.0762562, 0.455852, -0.91008
-0.563968, -0.0207789, 0.817463
0.921428, -0.252662, 0.28992
0.327432, 0.354925, 0.786021
0.439335, 0.744944, 0.508337
0.426293, 0.259032, -0.919289
-0.00535736, 0.829098, -0.570052
-0.580083, 0.18638, 0.806949
-0.10262, -0.400808, -0.90068
-0.916914, 0.272619, -0.117011
0.401827, -0.561162, -0.780302
-0.927862, -0.221623, -0.18321
-0.0179005, -0.25448, -0.954
0.641935, 0.246514, -0.755614
0.515628, -0.740033, 0.450395
0.566621, -0.809095, -0.290597
-0.303109, -0.739003, -0.648718
0.355295, 0.596728, -0.711676
0.60001, -0.398467, 0.666002
0.488629, -0.118749, -0.814627
-0.010381, -0.632219, 0.769681
-0.857858, -0.505748, -0.137383
0.052912, 0.576059, 0.845446
-0.709728, -0.712213, 0.169815
0.0114082, -0.940465, -0.353436
-0.936306, -0.310027, -0.26874
0.16883, -0.316321, 0.933846
0.297454, -0.576695, 0.742053
-0.834093, -0.2104, -0.524549
0.0198347, -0.213556, 0.95381
0.967624, 0.151201, 0.167686
0.753426, -0.339513, -0.599509
1.02061, -0.032276, 0.0426579
0.980976, -0.0308402, -0.28793
0.225643, -0.613272, -0.739883
-0.135001, 0.969205, 0.163074
0.476943, 0.752788, -0.452861
0.976708, 0.125679, 0.234073
0.0669649, 0.996899, 0.203802
0.176411, 0.460753, 0.852092
-0.793329, 0.484197, 0.417958
-0.586375, 0.577001, -0.519204
-0.808373, 0.575077, -0.0701747
-0.462804, 0.671727, -0.553626
-0.727957, 0.515987, 0.482768
-0.37182, 0.0966357, 0.852856
-0.934379, 0.0488746, 0.344117
0.453468, 0.652221, 0.453861
-0.807615, 0.553433, 0.0949489
-0.526003, -0.442935, 0.712229
-0.841831, -0.550959, -0.0420511
0.0261953, 0.591576, -0.754643
0.794952, 0.244577, -0.687353
-0.6344, -0.393019, -0.677156
0.917123, -0.00905301, -0.397168
0.0278875, -0.711056, -0.699836
-0.359536, -0.940859, 0.22421
0.944817, 0.0638328, -0.00640057
-0.835738, -0.497857, 0.157113
-0.933804, 0.391543, -0.106615
0.381315, 0.714633, 0.560383
0.78184, -0.628196, -0.302528
-0.962902, -0.250851, -0.22412
0.205206, -0.797359, -0.547883
0.286914, 0.426493, -0.807444
-0.89729, 0.240573, 0.355303
-0.0342753, -0.959525, 0.282052
-0.0161155, 0.868542, 0.483279
0.274072, 0.0727543, 0.92424
-0.855309, 0.184317, -0.480757
0.926465, -0.113836, -0.215204
-0.2658, 0.540656, -0.790267
0.289041, -0.00610884, 0.888047
0.368502, -0.0762367, 0.934571
-0.470832, -0.066259, -0.875777
-0.807944, 0.488777, 0.352075
0.0533802, -0.901016, -0.384462
-0.391759, -0.856177, 0.245712
0.314334, 0.505196, 0.727232
0.41918, 0.905494, -0.253213
0.424009, 0.0471017, 0.950747
0.437765, -0.359025, 0.786418
-0.446701, 0.132589, -0.926574
-0.166269, -0.877119, 0.433874
-0.743279, -0.389808, -0.5155
0.6392, -0.299285, 0.75229
0.152208, 1.01759, 0.0405244
-0.285734, -0.121798, 0.961164
-0.302213, 0.852483, -0.412562
0.34291, 0.874155, -0.26019
-0.60514, -0.736274, -0.280772
-0.0503167, 0.584158, -0.804475
0.347316, -0.0128239, 0.936223
0.56121, -0.669014, -0.505963
-0.59943, -0.674299, -0.348123
-0.763839, 0.464676, -0.426936
-0.360936, -0.310046, 0.825598
0.871618, -0.417198, 0.0639408
0.119286, 1.04786, 0.201578
-0.508422, 0.705803, -0.430922
-0.416683, 0.287877, -0.855041
-0.273011, -0.610259, 0.811972
0.321143, 0.935116, -0.12038
0.456558, -0.842419, -0.110172
0.870225, -0.0352248, -0.305854
0.739684, -0.595332, -0.428495
-0.066025, -0.974168, -0.115258
0.432333, -0.812045, -0.381289
0.0281283, 0.670002, 0.819043
-0.509882, -0.0381244, 0.854299
0.900822, 0.280681, -0.340813
-0.35028, -0.77053, 0.525017
0.291941, -0.676806, 0.714334
-0.736571, 0.642046, 0.279184
0.638729, -0.187751, 0.722729
-0.113336, -0.929011, -0.324974
0.621452, 0.417193, 0.732127
0.948049, 0.0949839, 0.305031
-0.811492, 0.382659, -0.365098
0.0855408, -0.424412, 0.844992
-0.711227, -0.644847, 0.404979
-0.164456, 0.565183, 0.68562
-0.487188, -0.28802, -0.809288
0.168602, -0.812849, -0.58633
-0.716215, -0.702476, -0.0760671
0.288948, 0.653263, 0.723623
0.473478, 0.253395, 0.764291
-0.0810033, 0.0519212, 0.941422
-0.757157, 0.294623, 0.527915
-0.408037, 0.276021, 0.875645
0.0989549, 0.106857, 0.996832
-0.659434, -0.641102, -0.405797
-0.471285, 0.543625, 0.676388
-0.233226, 0.957591, 0.307168
0.258651, 0.157951, 0.94482
-0.238094, -0.873444, -0.452937
-0.775387, -0.319144, -0.572427
-0.765288, 0.649787, 0.176822
0.395752, -0.907734, -0.0552093
0.313026, -0.328683, -0.920782
-0.0293586, -0.569926, -0.872394
-0.535719, 0.622625, 0.515427
0.930453, -0.225409, 0.156264
0.551881, -0.854448, 0.142319
-0.344423, 0.863525, 0.433034
0.211483, 0.594162, 0.802191
-0.205635, 0.843802, -0.420407
-0.519489, -0.822041, -0.0992339
-0.330055, 0.916894, -0.162206
-0.597577, -0.0547942, 0.85815
-0.907429, -0.351078, 0.133641
0.918799, 0.357039, -0.075309
-0.652454, 0.683825, -0.102252
-0.996357, 0.0244015, 0.12382
-0.384836, -0.863196, 0.30227
0.913623, 0.229798, 0.321884
-0.0166993, -0.0460221, 1.01048
0.714372, -0.723688, 0.0358217
0.224096, 0.632271, -0.71449
-0.605682, -0.82263, -0.28236
-0.837919, -0.12021, 0.533224
0.76021, 0.531861, -0.199061
0.286916, -0.342435, 0.90421
0.417985, -0.871479, -0.250192
0.803683, 0.168316, 0.668999
0.400817, -0.736884, 0.599742
-0.927867, 0.36395, -0.00771296
-0.855781, -0.270975, 0.39084
-0.0320063, -0.87778, 0.510025
0.710091, 0.458877, -0.578205
-0.699213, -0.323216, 0.684883
-0.321011, -0.391578, -0.866607
-0.353031, 0.409903, 0.845206
-0.669549, -0.0575227, -0.689724
-0.456968, 0.776348, 0.455097
-0.511052, 0.236973, 0.842018
0.403766, -0.255336, -0.919462
0.330467, 0.331702, 0.894241
0.997199, 0.00712162, -0.0603586
-0.253556, -0.268305, 0.919315
0.777008, 0.42566, 0.454294
0.200189, -0.851108, 0.417591
-0.572548, -0.757529, 0.278071
-0.530627, -0.720289, -0.560077
0.0172253, 1.02055, -0.108814
0.955316, 0.454838, -0.0864855
0.012365, -1.00446, -0.0381559
0.0401987, 0.983086, 0.157646
-0.392893, -0.691739, 0.599329
0.651474, -0.752521, -0.0876506
-0.801345, 0.537367, -0.0238151
0.0923884, -0.167315, -0.976753
-0.111678, 0.101055, -0.950801
-0.915771, 0.249501, 0.276482
0.667789, 0.414005, 0.590074
-0.343106, -0.194276, 0.908308
0.868037, -0.384418, -0.0330553
-0.628418, 0.378084, -0.736894
0.847031, -0.411488, 0.402086
0.796632, 0.00617671, -0.617072
-0.707858, 0.710062, -0.0185067
-0.844223, 0.478323, 0.378684
0.368424, -0.132409, -0.913699
0.0843535, 0.186626, -0.993741
0.278938, -0.622639, -0.754697
-0.0997378, -0.894983, 0.474758
-0.759792, -0.587688, -0.213154
0.0731447, 0.157492, 0.979548
0.00179317, 0.59674, -0.791865
-0.367979, 0.925794, -0.0175205
-0.222953, -0.101713, 0.978564
-0.529576, -0.331403, -0.785149
0.822112, -0.351449, -0.397704
-0.724186, -0.602518, -0.0565888
-0.330032, 0.552689, 0.717285
0.589822, -0.215344, -0.808348
0.639829, -0.767681, 0.217302
-0.449049, -0.885017, -0.250373
0.493801, -0.677272, 0.441786
0.635545, -0.532569, -0.592114
-0.426282, -0.0842851, -0.849241
-0.0486002, 0.948857, -0.29585
0.656676, -0.692306, -0.484495
-0.824565, -0.0774599, -0.570475
-0.325965, 0.759122, 0.51661
0.701103, 0.0117925, -0.601967
-0.0449632, 0.433971, 0.89117
0.113261, -0.729198, 0.726759
-0.855943, -0.477556, 0.265764
-0.649043, 0.688517, 0.318887
-0.00513173, -0.225886, 1.04844
0.964645, -0.197128, 0.0887636
0.501991, -0.1027, -0.883277
-0.748513, 0.533127, -0.33919
-0.712934, 0.0274035, 0.712366
0.500654, 0.677637, 0.567098
0.881895, -0.10308, 0.332434
0.707026, -0.776098, -0.0583135
-0.587334, -0.486119, 0.593769
0.187046, -0.653453, -0.72211
-0.679284, -0.435774, -0.607807
0.435953, 0.673807, -0.625006
0.74956, 0.210131, -0.648073
-0.207537, -0.940526, -0.177151
0.916412, -0.260331, -0.398938
-0.550049, 0.161117, -0.879617
0.13114, -0.0261655, 0.99782
-0.316012, 0.663483, -0.65977
-0.350072, -0.923313, 0.26307
-0.377092, -0.883486, 0.341775
0.327362, -0.890907, -0.319977
0.935116, 0.163988, -0.0386926
0.867121, -0.117785, 0.547012
-0.769755, 0.581256, -0.133922
-0.455938, -0.62979, -0.749495
0.931153, -0.140666, -0.0231326
0.00460613, 0.635238, -0.751944
0.763755, -0.0188939, -0.685282
-0.907484, -0.09689, 0.555724
0.752589, -0.542847, -0.286138
-0.21142, -0.492084, -0.861552
-0.335727, 0.226552, -0.900653
-0.695681, -0.259478, -0.690158
-0.281676, -0.982046, 0.114602
0.548565, -0.326105, 0.799348
0.325147, -0.978688, -0.0504206
0.220021, 0.348856, -0.910441
-0.68623, -0.564718, 0.406325
-0.643197, -0.581398, 0.450424
-0.288377, -0.473272, 0.841528
0.247384, 0.927326, 0.282668
0.96846, 0.303936, -0.0462569
-0.108861, 0.0742789, -1.0023
0.658047, -0.401702, 0.711237
-0.293219, -0.832528, 0.530517
0.0212988, -0.00161374, 1.01405
0.249345, -0.197734, -0.95415
-0.793391, -0.36811, -0.520621
-0.838709, -0.554511, -0.229944
-0.946999, 0.286838, -0.136243
0.506931, -0.834473, -0.167757
0.390114, 0.136486, 0.923195
0.224763, -0.59058, 0.762735
-0.656897, 0.560039, 0.484574
0.0616186, 0.583109, -0.830456
0.648566, 0.554246, -0.562733
0.6889, 0.308973, -0.529304
0.325045, -0.571832, -0.716278
0.662368, -0.603995, 0.454967
0.234564, -0.899134, -0.406745
-0.502554, -0.78776, -0.127539
-0.211977, -0.750795, -0.585674
0.182417, 0.499348, -0.812295
0.112897, 1.01163, -0.105795
0.811467, 0.466219, -0.220571
0.968214, -0.129447, -0.16713
0.974776, 0.361939, -0.0968546
-0.182098, -0.580728, -0.799557
-0.938879, 0.340045, -0.183108
0.91055, 0.33412, 0.0279528
-0.833132, 0.223068, 0.488938
0.384777, -0.354553, -0.765958
-0.934369, 0.0362609, -0.29991
-0.565273, 0.454028, -0.684981
-0.917048, -0.115805, 0.37216
-0.246295, 1.00009, -0.217267
0.290466, 0.921379, 0.419657
0.884701, -0.40603, -0.332589
0.0506258, -0.789538, -0.573548
-0.963328, -0.0523238, -0.220741
-0.408935, 0.569788, 0.712228
0.930529, 0.0700951, -0.300792
0.14253, -0.928686, 0.24385
0.9226, 0.581952, -0.018997
0.118061, -0.65925, -0.718238
0.590576, -0.26694, -0.715624
-0.245183, -0.0181219, -0.97804
-0.496835, -0.672523, -0.56639
0.604098, -0.824198, 0.0642582
0.516592, -0.775457, 0.261186
-0.95472, -0.144296, -0.0421135
-0.404267, -0.0348815, -0.895986
-0.353787, -0.943496, -0.044029
0.216067, 0.961989, 0.278673
0.55449, 0.480143, -0.625626
-0.0654974, 0.870805, 0.469952
0.67218, 0.444189, 0.582387
-0.512855, -0.322747, -0.791962
-0.769461, 0.502166, -0.480782
0.476445, 0.270504, 0.827037
-0.727667, 0.545339, -0.264004
0.792359, -0.460945, 0.456655
-0.365192, -0.257486, 0.855195
0.848081, 0.207609, -0.468647
-0.527251, 0.308986, -0.775304
0.325561, -0.878114, -0.461515
-0.59604, 0.171009, 0.797845
-0.496546, 0.153881, -0.875504
-0.505268, 0.270953, -0.81468
0.409312, -0.425462, 0.77362
0.974691, 0.212941, 0.0933523
-0.311484, -0.810425, 0.440629
0.751696, 0.242207, -0.595304
0.381268, -0.954458, 0.0761679
-0.226304, 0.882199, -0.397546
0.197792, 0.832544, -0.564971
0.0817395, -0.145528, -1.05063
-0.0323367, 1.00633, -0.12746
-0.636443, -0.627445, -0.513979
-0.679511, -0.250192, 0.63268
-0.727668, 0.00507475, 0.705808
0.857106, 0.245715, 0.439701
0.671139, -0.643669, 0.355298
-0.359118, -0.938931, 0.0165232
0.167525, -0.963397, 0.308989
0.0131136, -1.06103, 0.0237754
-0.901274, 0.467175, 0.129779
0.948441, 0.117018, -0.474136
0.844917, 0.229014, -0.374673
-0.691158, 0.186631, -0.645736
0.697309, -0.761236, -0.141794
0.731044, 0.139445, 0.634405
-0.640354, 0.724909, -0.291953
0.0793605, -0.756916, -0.701217
0.676134, 0.705802, -0.332001
-0.669952, -0.0388518, 0.776476
0.442532, 0.870313, -0.159269
-0.391311, 0.371894, -0.83499
-0.221197, 0.673347, -0.680611
0.212878, 0.0808407, 0.993613
0.83101, 0.59384, -0.136195
0.580748, 0.745906, -0.269953
-0.554957, -0.75902, 0.190092
0.992195, -0.0213792, -0.340045
-0.896932, -0.0148616, -0.400447
-0.502995, -0.215652, 0.919849
-0.608002, -0.74336, 0.208368
0.529415, -0.802071, 0.308138
0.185278, 0.780031, -0.519625
0.389722, -0.633891, 0.695682
0.723286, 0.636156, -0.182561
-0.616454, 0.334519, 0.728405
-0.20265, 0.505983, -0.841024
-0.160595, 0.916826, 0.365601
0.583302, -0.69197, 0.413187
-0.207422, -0.328883, 0.970516
-0.573426, -0.438752, -0.743733
0.0428207, -0.82462, -0.560779
-0.484817, -0.357072, -0.837175
0.691884, -0.321071, -0.66102
0.302825, -0.606668, -0.714587
0.501494, -0.626443, -0.676618
-0.376742, -0.915508, 0.177284
-0.243563, 0.857606, -0.240789
-0.473552, -0.746541, -0.42144
-0.410787, 0.238876, 0.846457
-0.827559, 0.104813, 0.530125
-0.477683, 0.109838, 0.918698
-0.887474, 0.321188, 0.421527
0.45171, 0.899231, -0.163269
0.055701, 0.148858, 0.978746
0.755588, 0.498493, 0.450954
-1.02109, -0.0919566, 0.0243034
-0.0781745, -0.707675, 0.638734
0.319754, 0.956636, 0.118892
0.349749, -0.852731, 0.349082
0.400875, -0.834938, -0.408468
-0.429783, -0.911413, -0.0616618
0.0332757, -0.322171, -0.978313
-0.995131, -0.0635278, -0.0846245
-0.0763184, 0.134742, 1.03309
-0.736071, -0.362426, 0.574843
-0.792737, -0.261017, -0.488672
0.508173, 0.273729, 0.809903
-0.981675, 0.270733, -0.111424
0.678027, 0.641595, 0.275308
-0.18093, 0.662717, 0.669774
-0.519526, 0.239678, -0.79473
-0.0937459, 0.941169, -0.350318
-0.873465, -0.413423, -0.415213
0.531478, 0.708137, -0.466828
-0.772399, 0.572737, -0.169583
-0.101532, 0.747118, 0.600254
0.578871, 0.775643, -0.177584
-0.0477049, -0.689755, 0.690937
0.802151, -0.520497, 0.294059
-0.346035, 0.935997, -0.162335
-0.368299, 0.280818, -0.952547
-0.600005, -0.372542, -0.699636
-0.563333, -0.837283, 0.118956
0.0253205, 0.848351, -0.544913
0.788349, 0.418821, 0.486479
-0.623655, -0.697191, -0.26842
0.0171901, 0.978674, -0.15802
-0.0724582, 0.077328, 1.0475
-0.9653, -0.139527, 0.293417
0.727986, -0.674683, 0.127194
-0.893527, 0.448978, -0.24595
-0.982172, -0.164193, -0.093771
-0.96988, -0.105933, -0.335389
0.391459, -0.713072, -0.66325
0.0204573, -0.337413, 0.983081
-0.129547, -0.977513, 0.0269538
0.834261, 0.474675, 0.165141
-0.626065, 0.736657, -0.18257
0.690163, -0.224236, 0.663043
0.342658, -0.409475, -0.880743
0.707456, 0.533053, 0.541463
0.160343, -0.761501, 0.591755
-0.300873, -0.164976, -0.981481
0.232989, -0.823548, 0.518619
-0.0656068, 0.73986, -0.732851
-0.852429, 0.176054, 0.532159
0.573579, 0.758944, -0.311239
0.671836, 0.0629664, -0.728646
0.660633, 0.781295, -0.0155309
0.193971, 0.0865099, -0.928883
-0.595745, -0.711388, -0.310855
-0.593553, -0.690168, 0.314112
-0.281836, 0.141507, -0.977114
0.619291, -0.817026, -0.136511
0.79464, -0.504999, 0.372441
0.146658, 0.739323, -0.694295
-0.531888, -0.30895, -0.793416
-0.787977, 0.500891, -0.162767
0.668144, 0.451855, -0.656189
0.259298, 0.790256, -0.562754
0.721706, -0.617157, 0.393377
0.0358553, 0.454458, 0.868093
0.538107, -0.830066, 0.204696
-0.48008, 0.318311, -0.856481
-0.375846, 0.186988, -0.960376
0.379129, -0.820625, 0.217677
-0.968347, -0.0543926, 0.390795
0.7958, 0.478914, 0.337299
0.0976997, 0.401494, 0.904975
-0.573438, 0.727881, 0.498329
0.964216, -0.232404, 0.285959
-0.435776, -0.343405, 0.765605
-0.756511, 0.125409, 0.577548
0.969199, -0.288623, 0.140079
-0.149047, 0.994941, 0.172235
-0.981444, 0.250047, 0.0630493
0.961238, 0.324378, 0.100495
-0.120752, -0.55222, -0.859222
-0.542816, -0.0974406, -0.856247
-0.0288147, 0.965374, -0.171196
-0.693419, 0.514223, 0.524648
-0.322298, -0.400277, -0.884504
-0.857822, 0.35064, 0.192553
0.680233, -0.771429, -0.00934392
0.25433, -0.655304, -0.65941
-0.572502, -0.164909, 0.757179
0.574047, -0.87827, 0.0322817
0.822451, 0.521396, -0.0382273
-0.297893, 0.966379, -0.0633423
-0.0242842, 0.701661, -0.670123
-0.856756, 0.0857107, -0.582979
-0.234634, -0.4377, 0.839424
0.912392, 0.356456, -0.261305
0.045429, 0.0895989, 1.03345
0.614018, 0.232322, -0.726653
0.260104, -0.913972, 0.30628
0.540701, -0.553, 0.666186
0.560087, 0.824719, 0.0594713
-0.487322, 0.8572, 0.248047
-1.01735, 0.0423412, 0.140233
-0.757755, 0.644585, 0.0207527
-0.628235, 0.502299, 0.481459
-0.107275, -0.905245, -0.440844
-0.703505, -0.512053, 0.559684
-0.546053, 0.334088, 0.72436
0.0593975, -0.751367, -0.691485
-0.522845, -0.817401, 0.272988
-0.706741, 0.722698, 0.169847
0.470204, -0.272647, 0.787989
-0.29631, 0.382674, -0.858733
0.622873, -0.30828, 0.72308
0.0767997, 0.592262, -0.74335
0.115302, 1.00159, 0.0522858
-0.942323, -0.0370064, 0.0872892
0.80613, -0.525897, -0.195542
-0.174285, 0.997015, 0.116332
0.323246, -0.73291, -0.622211
-0.511466, 0.284264, -0.793079
-0.510871, 0.334311, -0.781034
-0.417291, 0.195724, 0.886528
-0.628881, -0.0935801, 0.808931
0.503404, 0.76341, 0.329273
-0.321254, -0.750674, 0.600459
0.842273, 0.476987, 0.370318
0.574685, -0.7268, 0.500095
-0.327066, -0.390248, 0.885587
0.173923, 0.661678, -0.726263
-0.533996, 0.817033, 0.305212
-0.599714, 0.697796, 0.289344
-0.158703, -0.489388, -0.881528
0.964691, 0.161841, -0.078348
0.100796, 0.902474, 0.444268
0.00298274, -0.613403, 0.829102
0.596196, -0.446112, 0.70271
-0.083787, 0.244601, 0.975833
-0.612898, -0.768544, 0.302348
-0.179933, -0.281898, -0.934741
-0.470791, -0.847888, 0.158572
0.937257, -0.314425, 0.198386
-0.876251, 0.56664, -0.0284141
0.861534, 0.402245, 0.23881
0.930068, -0.122995, 0.295599
-0.652829, -0.395424, 0.70759
0.524965, -0.760875, -0.380193
0.737617, -0.038736, -0.699968
0.442931, -0.157521, 0.92214
-0.902658, -0.214678, 0.390072
-0.271082, -0.763219, -0.578116
-0.193555, 0.0655612, 0.935824
0.333992, -0.864548, -0.348424
-0.268164, -0.624771, -0.666547
-0.512982, -0.638562, -0.606108
0.272203, 0.726588, 0.616223
0.490031, -0.803947, -0.363219
0.718566, -0.335156, 0.656973
0.177221, 0.929198, -0.358548
0.710146, 0.762758, -0.00860759
0.364096, 0.313497, 0.848892
-0.533489, 0.280616, 0.76837
-0.651127, 0.478516, -0.506614
-0.801752, 0.395262, -0.497388
-0.973836, 0.072884, 0.430606
-0.273503, 0.984835, 0.0719241
0.785476, 0.57579, 0.145153
-0.24508, -0.928739, 0.279633
0.347019, 0.457974, -0.862437
-0.286064, -0.777936, 0.514365
-0.16946, -0.603177, -0.777621
-0.351342, -0.492639, -0.887461
-0.0638763, 0.972993, -0.304101
-0.773002, 0.582509, -0.421673
-0.920846, -0.386285, 0.0125335
-0.0737137, -0.983335, 0.317742
-0.692486, 0.671666, 0.15762
-0.0328086, -0.804092, -0.549332
0.337097, -0.0680244, -0.898266
-0.278241, -0.123604, 0.905924
0.294361, 0.826278, -0.404102
0.683639, -0.493783, -0.533283
-0.800175, 0.293862, -0.574685
-0.0056081, 0.94226, -0.246153
-0.481455, 0.865657, -0.0822611
0.382114, -0.796445, -0.384228
-0.411757, 0.786016, 0.387327
0.197511, -0.078061, -0.973717
-0.801015, 0.484813, 0.304319
-0.637392, 0.774362, -0.0583169
-0.563131, 0.266755, -0.758292
0.786741, 0.236798, 0.565852
-0.434601, -0.868251, 0.33356
-0.331773, 0.857122, 0.347588
0.621112, 0.728894, -0.301861
-0.238968, -0.604144, -0.663285
0.933262, -0.0291674, -0.380662
-0.962521, 0.33651, 0.344407
-0.544141, -0.128482, 0.867467
-0.865002, -0.435898, -0.215382
-0.895777, -0.457617, -0.157182
-0.632681, 0.703854, 0.265512
-0.333215, 0.842192, 0.379407
0.286238, -0.0885103, -0.958523
-0.17344, 0.62993, 0.730583
0.0319877, -1.00382, 0.260069
-0.51235, 0.529973, 0.673331
-1.01667, -0.0742464, 0.113764
0.0345243, 0.421414, -0.899128
-0.702443, 0.643297, -0.453181
0.700635, 0.600515, 0.372073
-0.64734, -0.563536, 0.448409
0.748729, -0.186354, 0.603643
-0.277532, 0.722657, -0.613265
-0.440663, 0.697902, -0.508469
0.00191997, 0.623876, -0.785674
-0.608709, -0.455186, -0.724662
0.251202, -0.456084, 0.754439
-0.609367, 0.534835, -0.636373
0.96263, -0.199459, 0.223026
-0.109303, -0.894478, -0.466331
-0.959816, -0.155992, -0.156159
0.872885, -0.304985, 0.339787
0.536948, -0.597176, -0.53544
0.823732, 0.311735, 0.439186
0.346188, 0.748033, -0.667994
0.134669, -0.775684, -0.69843
0.0630734, -0.547754, 0.865593
0.495644, -0.416536, 0.744849
-0.190239, 0.8933, 0.436661
0.300791, 0.411577, -0.876826
-0.51309, -0.0863816, 0.848144
-0.82559, 0.532364, 0.214447
-0.559763, -0.092717, 0.841496
0.769327, 0.286419, -0.446823
0.198077, -1.043, 0.162802
0.786547, -0.654812, -0.039495
0.789229, 0.603393, -0.0353413
0.932511, -0.0606853, 0.323219
0.656313, -0.254746, 0.725204
0.535628, 0.0299494, -0.824705
-0.347909, 0.640036, 0.758395
0.72835, 0.633283, -0.155265
0.410195, -0.723735, 0.562322
-0.50179, -0.806649, 0.303178
-0.341448, 0.91711, 0.140554
0.60048, 0.175868, -0.844302
0.700921, 0.0559211, -0.730333
-0.949108, -0.418356, 0.000752996
0.883491, 0.0652153, 0.35684
-0.40388, -0.47265, -0.673923
0.912953, -0.431063, -0.0900463
0.869944, 0.282349, 0.318268
0.423445, 0.916619, 0.14182
0.454137, -0.304961, 0.812024
-0.679593, 0.609207, -0.442427
0.0360387, -0.377216, -0.908953
-0.815481, -0.579857, -0.272257
-0.810948, 0.507754, -0.186335
-0.434639, 0.897376, 0.0736294
0.233774, -0.1512, 0.98216
0.969913, -0.00985396, -0.338822
-0.598763, -0.86721, -0.0042894
0.640763, 0.745807, -0.412955
-0.881381, 0.531691, 0.259865
0.709115, -0.652579, -0.090499
-0.772247, -0.0277767, 0.642888
-0.176584, -0.893541, -0.382856
0.577954, 0.468692, -0.673111
0.711498, 0.294802, 0.60155
-0.432568, 0.818755, 0.458268
0.808622, -0.251616, -0.492997
0.0136597, 0.779721, -0.716779
0.761359, -0.183897, -0.658829
-0.634018, -0.729833, -0.159382
0.0438033, -0.247303, -0.966783
1.00055, -0.186535, 0.147789
0.732466, -0.000853223, -0.691103
0.36941, -0.880838, -0.0964517
0.436565, -0.721114, 0.541831
-0.0392443, 0.96968, 0.0615797
0.909951, -0.418692, -0.0428551
-0.159928, 0.972229, 0.0016644
-0.682783, 0.465056, 0.573125
0.549749, -0.116709, -0.811404
0.496458, -0.499947, -0.725084
0.0459301, -0.8075, 0.656604
0.786473, 0.0263974, -0.632358
-0.0153822, -0.0498667, 1.00014
-0.472947, -0.784121, -0.404466
-0.919945, 0.193894, -0.138874
-0.408354, 0.604436, 0.683584
-0.89458, 0.229892, 0.304443
-0.900847, 0.426469, -0.350597
-0.914954, -0.225061, -0.336195
0.448537, 0.895219, -0.0881266
-0.563076, -0.736832, -0.413862
-0.350588, 0.0808367, 0.91364
-0.568867, -0.317712, -0.750996
0.424551, 0.804368, 0.266155
-0.260368, -0.00436467, 0.897683
-0.815576, -0.0831886, -0.604387
0.230119, -0.977637, -0.158233
0.0466491, -0.866546, -0.526688
0.807541, 0.561587, 0.131681
-0.0127756, -0.0882522, 0.979989
0.859177, 0.195016, 0.462808
0.937554, 0.324153, -0.0812995
-0.465694, 0.84516, -0.241601
-0.31355, -0.843283, -0.443812
0.345534, 0.821402, -0.354972
-0.622478, -0.805357, 0.0907292
-0.420279, -0.34236, 0.864643
-0.347233, 0.61351, -0.737738
-0.236827, -0.840145, 0.498832
0.426333, -0.612262, -0.702474
-0.0110273, 0.780486, -0.596676
0.710225, 0.239783, -0.647588
0.1519, 0.445044, 0.919265
0.416797, 0.863451, -0.217389
-0.539399, -0.548787, -0.69102
-0.867506, -0.461601, 0.266482
-0.492758, -0.674411, 0.513425
-0.344413, 0.859198, 0.384478
-0.115994, 0.262302, -0.952922
-0.535352, 0.802431, 0.336769
0.629399, -0.820502, -0.0793662
0.622504, 0.681682, -0.373368
-0.476502, 0.834494, 0.111665
-0.649888, -0.282485, 0.657461
-0.806808, -0.00981209, -0.611872
-0.270402, -0.627265, -0.772937
0.236651, 0.6304, -0.732183
-0.285696, -0.977993, 0.101758
0.908272, -0.31819, -0.231432
-0.881546, -0.137554, 0.3576
-0.619661, -0.451834, 0.667166
0.0343641, 0.509075, -0.81494
-0.882762, -0.297399, -0.187401
0.583349, -0.661937, -0.408509
-0.481346, -0.336362, 0.783114
0.199249, -0.795814, 0.569602
0.634298, -0.570433, -0.554725
0.563692, 0.0863335, -0.850381
-0.418766, -0.315084, -0.88824
-0.207651, 0.975669, -0.0289386
0.405864, -0.00953394, -0.878645
0.364965, -0.981284, 0.0247203
0.527325, 0.245789, 0.748656
-1.01754, 0.194637, 0.0632454
0.00768724, 0.806964, 0.632398
0.627103, 0.719798, 0.151153
0.991758, -0.0318143, 0.000319251
0.590638, 0.723141, -0.257561
-0.970878, 0.00820126, -0.00456138
0.914435, -0.178586, 0.397368
0.0520493, -0.714133, 0.710955
0.0161054, 0.011909, -0.975839
0.632756, -0.126172, 0.74735
-0.823518, 0.423724, 0.429607
0.0393219, 0.284176, -0.990092
-0.787235, 0.605601, 0.269995
-0.869077, 0.2689, 0.311231
0.601642, 0.485523, 0.497559
0.38109, -0.515962, 0.784952
0.628915, -0.0589068, -0.759179
0.195571, -0.632593, 0.779984
-0.435865, -0.232022, 0.909834
0.164945, -0.711256, -0.687135
0.239926, -0.836995, -0.508462
0.420632, 0.36633, 0.886257
-0.0149475, -0.937386, 0.283202
0.627686, 0.581423, -0.495918
0.819817, -0.176071, -0.595844
-0.469037, -0.123596, 0.94052
0.34682, 0.0634405, -0.897224
0.334526, -0.14731, 0.932767
0.942914, 0.44546, 0.194525
-0.246517, -0.0887295, -1.02367
-0.0984884, -0.965056, -0.362648
0.971063, 0.295544, 0.101592
0.76015, 0.0374229, 0.626587
-0.647259, -0.566969, 0.54021
0.302398, -0.183529, 0.982206
0.847676, 0.375466, 0.369256
0.219407, -0.942223, -0.227483
0.811987, 0.124825, -0.572175
-0.683188, 0.194768, -0.727728
0.940177, 0.455909, 0.165594
-0.783034, 0.0923863, -0.559021
0.393952, 0.332343, 0.879995
-0.115895, -0.831263, 0.486795
0.689892, -0.744885, -0.0894355
-0.777651, 0.458779, -0.399211
0.801658, 0.107918, 0.598401
0.82102, 0.496556, -0.35742
-0.668069, 0.653965, -0.225607
-0.621544, -0.655783, -0.41745
0.501308, -0.744124, 0.483297
-0.133796, 0.939499, 0.295953
-0.345614, -0.926103, 0.0476268
0.205196, 0.15699, -0.959714
0.359118, -0.46042, 0.830929
-0.0234313, 0.906513, -0.387462
-0.717239, 0.667245, 0.191063
-0.052929, 0.929175, 0.254604
0.246267, -0.636772, -0.694562
0.353523, 0.93888, -0.151449
0.263495, 0.749093, 0.619717
-0.354352, 0.244918, 0.892945
-0.261951, 0.0917292, 0.952933
0.289193, 0.119053, 0.953831
0.803693, -0.130909, -0.521301
-0.696672, -0.748668, -0.265423
0.677108, -0.743621, 0.157609
-0.342676, -0.209648, 0.897876
0.245565, 0.657037, -0.667765
-0.491228, 0.849051, -0.0523183
0.534219, -0.777881, 0.0889304
0.0146994, 0.736874, 0.561664
-0.770726, -0.247149, -0.583786
-0.685916, -0.565674, 0.522467
-0.362893, -0.410298, 0.843121
0.374009, 0.817549, 0.463896
0.27387, 0.26959, -0.901394
-0.94442, -0.294225, 0.194577
-0.771715, 0.256392, -0.572466
-0.520341, 0.128527, 0.810641
0.212296, 0.965349, -0.229729
0.304325, -0.895107, 0.221618
-0.408762, -0.774891, 0.463612
-0.0773083, -0.694718, -0.743115
0.617435, 0.171114, -0.798362
-0.628257, -0.44343, 0.634144
0.00382297, -0.918914, -0.332529
0.924739, -0.135113, -0.35277
0.599404, -0.17278, 0.787625
0.451902, -0.836364, -0.292914
-0.610886, -0.637244, 0.327801
-0.645626, 0.524905, 0.463302
-0.893043, -0.311671, 0.279223
0.755338, 0.0210534, 0.600225
-0.0614297, 0.729588, 0.740382
0.138953, 0.660777, -0.760549
-0.536076, 0.142287, 0.822209
0.507485, -0.850165, 0.288487
-0.524844, -0.509623, 0.654743
0.137747, -0.0269297, 0.995387
1.00405, -0.0780348, -0.27058
0.450188, 0.0816503, -0.859354
-0.843421, 0.0853997, 0.617226
0.71155, 0.655582, 0.262246
0.0472967, 0.43614, 0.835814
0.706028, -0.401997, -0.648653
0.674392, 0.18945, 0.780326
-0.368719, -0.924659, -0.286555
0.789828, 0.549366, 0.106093
-0.122279, 0.926873, -0.366203
-0.292344, 0.765815, 0.568385
-0.224789, -0.136828, 0.944524
0.394223, 0.541385, -0.734481
0.110533, -0.348814, -0.889194
-0.812855, 0.532034, 0.32049
0.890129, 0.133525, 0.28139
-0.511674, -0.0819496, -0.901826
0.0421707, -0.330227, -0.965233
-0.808926, 0.46235, 0.178202
0.519236, 0.739766, 0.376559
-0.0180667, -0.636119, -0.779243
-0.275859, 0.908705, -0.370488
0.218213, -0.150691, -0.940757
0.798807, -0.396176, -0.517217
-0.881554, -0.341282, 0.25265
-0.369082, 0.532401, -0.7337
0.47518, 0.795048, -0.334293
-0.845817, -0.164279, -0.599454
-0.672272, 0.151849, 0.701361
0.800434, -0.370658, -0.452339
0.0465939, -0.64497, 0.803591
0.645245, 0.14479, -0.780991
0.163728, -0.950105, 0.264856
0.445336, 0.874865, -0.249151
0.568429, -0.891696, 0.139017
0.460921, -0.0701324, 0.860005
-0.994521, 0.0192644, 0.0319261
-0.0200444, -0.952301, -0.362011
-0.557164, 0.607984, 0.563643
0.987544, -0.0682011, 0.321553
-0.213489, 0.207859, -0.886403
0.729439, -0.508517, 0.450123
0.922655, 0.379025, -0.273985
-0.465781, -0.549304, -0.69882
-0.0890381, -0.505498, -0.849512
0.863727, 0.188391, 0.278159
0.606718, -0.584652, -0.563869
0.442766, 0.853045, -0.199279
0.785975, -0.106789, 0.568249
0.464296, 0.806034, -0.339458
0.851746, 0.307036, 0.426858
0.822401, -0.317199, 0.442795
0.165823, 0.0638457, 1.01556
0.344319, 0.0434338, 0.943185
0.703721, 0.68084, 0.196076
-0.221759, -0.615831, -0.716599
0.431851, 0.885046, 0.228974
0.427062, 0.759307, 0.54132
-0.258369, -0.509456, -0.79777
-0.912852, 0.400905, -0.198756
0.0294043, -0.984358, -0.00842734
0.0728124, -0.303807, -0.957065
-0.519223, 0.888944, 0.0923592
-0.279548, -0.435429, 0.902623
0.557755, 0.695151, 0.418796
-0.0855544, 0.384736, 0.882614
0.285849, -0.349504, 0.894635
0.995192, -0.162259, 0.035261
0.0819033, 0.911673, 0.335543
0.280945, 0.372181, -0.797277
-0.186538, -0.298907, -0.947021
-1.03038, 0.00350396, -0.0546713
-0.777699, 0.221214, -0.56662
-0.0231723, -0.726304, -0.70942
0.406466, -0.901838, -0.302907
0.00531751, -0.279769, -0.950873
0.225584, 0.958577, -0.0215185
0.0916728, 0.778035, 0.73356
-0.182064, -0.695835, 0.648618
0.986566, 0.0704801, 0.172875
0.395774, -0.564694, 0.637405
0.0811156, -0.918589, -0.406452
0.450934, 0.403824, 0.829939
-0.306461, -0.904213, -0.379823
0.223615, -0.372696, -0.880788
0.179838, 0.537538, 0.818614
0.969639, -0.247418, 0.0501979
0.640819, 0.683172, 0.396089
-0.956392, -0.268941, 0.00504779
0.0949443, 0.949667, -0.224768
-0.980861, 0.045864, 0.266691
0.231751, 0.98178, 0.0203903
0.181675, 0.92443, -0.249213
-0.720728, 0.124876, 0.692733
0.90818, -0.464406, -0.20099
0.144963, -0.977965, -0.13668
-0.996099, -0.104375, 0.00644058
0.869514, 0.546791, 0.269645
0.00117872, -0.0541158, 1.00701
0.180958, -0.9315, -0.302836
0.783116, -0.530602, 0.396518
0.92279, 0.165728, -0.344168
0.900283, 0.485068, 0.0285749
1.0282, 0.178557, 0.165073
0.472213, -0.34502, 0.801801
0.909005, 0.281767, 0.0261255
-0.916123, 0.393332, -0.0515655
0.774262, 0.287697, 0.452663
-0.929574, 0.106855, 0.368594
-0.233417, -0.935316, -0.166796
0.255829, -0.894303, -0.376528
-0.947021, -0.177766, 0.264885
-0.186617, 0.178369, -0.989204
0.152302, 0.19714, 0.952442
-0.725888, 0.629249, 0.268792
0.871697, -0.295584, 0.390242
0.0720745, 0.526864, -0.821825
-0.0665423, -0.386877, 0.90215
-0.520238, 0.517389, -0.683693
0.839046, 0.414813, -0.154469
-0.905041, -0.328055, -0.254993
-0.103269, 0.910257, -0.4304
0.762639, -0.433277, -0.386828
0.880342, -0.290233, -0.0927139
0.572551, 0.793937, 0.132987
0.475186, 0.041551, -0.879614
0.543276, -0.546994, 0.603447
0.121633, -0.928238, 0.35575
0.00378552, -0.960098, 0.360161
0.509539, -0.760657, 0.514952
-0.479522, -0.925354, 0.203528
-0.871004, -0.517191, -0.173689
0.774311, -0.458827, 0.486339
0.667833, -0.631356, -0.32875
0.113259, -0.40952, 0.895949
-0.489689, 0.72735, -0.417095
-0.144024, 0.983585, -0.120331
-0.0109743, 0.956605, -0.306279
0.904317, 0.486732, 0.169388
0.19173, 0.0222239, -0.987672
-0.46409, -0.839097, -0.301997
-0.369722, -0.841632, 0.320414
-0.155659, -0.993814, 0.27212
0.41448, 0.75762, 0.436184
0.145097, -0.375615, -0.962328
0.788438, 0.35918, -0.408785
-0.458426, -0.153029, 0.817688
-0.608758, 0.712679, -0.291115
-0.11985, 0.132846, 0.985007
0.945164, 0.158217, -0.327219
0.367705, 0.808628, -0.41652
0.456089, -0.0757828, -0.922068
-0.986685, -0.252659, -0.0778178
-0.176769, -0.485579, -0.857191
-0.193921, -0.893469, -0.303322
0.00247802, -0.203287, -0.957632
0.643114, 0.03484, -0.754874
0.53658, -0.656883, -0.542008
0.0309013, 0.920888, -0.230389
0.502901, 0.583365, 0.603509
0.114088, -0.0786804, 0.996315
0.358454, -0.811322, 0.435229
0.366558, 0.660875, -0.639918
0.888574, -0.29472, -0.508711
-0.293605, 0.578889, -0.807279
0.386972, -0.508715, -0.683724
-0.407577, -0.754095, -0.521675
-0.157501, -0.922925, 0.281517
0.754697, 0.217168, -0.582019
0.352642, -0.72902, 0.552483
-0.02661, 0.960553, -0.298705
-0.331822, -0.641921, 0.677155
-0.21693, -0.333245, -0.978611
-0.757243, -0.153704, 0.639757
-0.716946, 0.669149, 0.204611
-0.66152, -0.382502, -0.650536
0.499721, 0.885766, 0.0441886
-0.546529, 0.0666395, -0.758368
0.452053, 0.374428, -0.814787
0.696352, -0.657994, 0.153947
0.12982, 0.676875, -0.751168
-0.620822, -0.44696, 0.603661
-0.260239, -0.808333, 0.483906
0.384436, -0.179266, -0.855013
0.124136, -0.974119, 0.0795566
-0.850923, 0.453156, 0.349413
-0.0817784, -0.484249, 0.874073
-0.259711, -0.471242, 0.841527
-0.355615, -0.775089, -0.483543
0.397194, 0.377032, 0.825807
0.156694, -0.609403, 0.806048
0.28787, -0.465037, 0.837238
-0.0877669, 0.173863, 0.937437
0.564079, -0.768505, 0.0456902
0.925255, -0.341696, 0.0184142
-0.0367, 0.816811, 0.592919
-0.408977, 0.873725, 0.259219
-0.22326, 0.942151, 0.363692
-0.772108, 0.39326, -0.365798
0.852765, -0.288817, -0.389322
-0.897764, -0.444301, 0.0735859
-0.604098, 0.359122, -0.787814
-0.247827, -0.776466, -0.567087
0.865373, 0.0326002, -0.41486
-0.541209, 0.830713, -0.231664
-0.83733, -0.625549, -0.0444172
-0.628614, 0.416848, -0.686516
0.517375, 0.877053, -0.168367
-0.373999, 0.914133, -0.119496
0.308187, 0.43887, -0.876466
-0.383034, -0.668533, 0.5179
-0.4624, 0.240385, 0.854966
-0.88337, 0.3216, -0.398261
-0.258196, -0.982337, 0.164259
-0.214399, -1.0338, 0.190382
-0.956293, 0.290155, -0.363119
0.762782, -0.577765, 0.435371
0.879044, 0.320766, -0.403044
-0.140911, -0.986398, 0.0839199
-0.207227, 0.252812, 0.932787
-0.404012, 0.703041, -0.547438
0.866776, -0.391637, -0.105553
0.432761, -0.382914, 0.802977
0.578753, -0.246932, -0.833136
0.855779, 0.358336, -0.261846
0.591561, -0.808998, 0.00250506
0.498914, 0.596951, 0.61436
0.420629, 0.872943, 0.1911
-0.024063, 0.278296, 0.954314
-0.87943, 0.516122, 0.00643191
-0.973289, -0.310391, 0.0246785
0.365693, 0.628896, 0.724466
0.601518, -0.64347, -0.47205
-0.70144, 0.287406, -0.680604
-0.547215, 0.819388, 0.0696018
-0.0188833, -0.745768, 0.7496
0.23223, -0.0454913, 0.996916
0.182864, -0.20627, -0.938786
0.763787, -0.670391, -0.20137
-0.0507562, 0.531037, 0.808784
0.508244, 0.19236, -0.859864
-0.451021, 0.42279, 0.716051
-0.520413, -0.748454, 0.464106
0.445546, -0.620189, -0.583842
0.153826, -0.793459, 0.584264
-0.0581893, 0.613969, -0.801367
-0.0941073, -0.609144, 0.827627
-0.716831, -0.632628, 0.21243
-0.931372, 0.0875521, 0.244693
0.208518, 0.660633, -0.762507
0.743365, -0.666847, -0.169519
-0.218668, -0.265766, -0.945509
0.485902, 0.796498, 0.268121
-0.0620558, 0.393369, 0.891933
0.401816, 0.890071, 0.0124221
-0.113396, -0.606416, -0.75127
0.155254, 0.0088789, -1.0075
0.943571, 0.0335309, -0.0381031
-0.377385, 0.888791, -0.15731
0.168777, 0.875978, -0.422958
-0.713746, 0.0291158, 0.733137
-0.824504, 0.199905, 0.561919
0.941883, 0.210315, 0.0342897
0.257802, -0.1595, -0.989584
-0.212151, 0.910265, -0.415813
0.952761, -0.320533, 0.0416016
-0.242783, -0.265564, -0.916961
-0.442752, 0.723161, -0.600165
-0.100851, 0.881974, 0.484904
0.0447238, -0.652535, 0.696867
-0.555972, -0.749535, 0.343202
-0.762596, -0.582435, -0.327498
0.331178, -0.283634, -0.916295
-0.3796, 0.707347, 0.612713
-0.0993752, 0.262823, 0.975412
0.284385, -0.859986, -0.548242
0.438396, 0.443438, -0.796096
0.171587, -0.740163, -0.701648
0.824984, 0.499073, -0.240806
-0.575234, 0.21448, 0.803585
-0.473887, -0.683679, 0.507283
-0.220262, 0.745789, -0.69424
0.161952, -0.892274, -0.308159
0.374345, -0.915142, 0.0853992
0.957206, -0.381605, 0.0874865
-0.679013, 0.419051, 0.447089
0.0851151, -0.917716, -0.449485
-0.222054, 0.525053, 0.76214
-0.849173, -0.0111862, 0.508786
0.164847, -0.975907, -0.232992
-0.776611, -0.57914, 0.183404
-0.723707, -0.505789, 0.45728
0.456517, 0.391798, 0.806754
-0.852028, 0.0994996, -0.493979
0.823103, -0.421762, 0.415587
-0.936642, 0.0431433, 0.347259
-0.438777, 0.790527, 0.425641
-0.754292, -0.589035, -0.232158
0.769504, -0.473672, 0.325852
0.548941, -0.829046, -0.194336
0.690074, -0.688244, 0.133479
0.0567096, 0.837659, 0.478282
-0.929786, 0.378599, -0.12748
-0.110465, -0.870508, -0.382478
-0.668547, 0.371645, -0.629213
0.025323, 0.928103, 0.370975
0.0715491, 0.897035, -0.384486
0.682254, -0.0265883, -0.752587
-0.119323, 0.681868, -0.756141
0.164151, -0.719075, 0.70064
-0.128051, -0.450521, -0.836108
-0.973157, 0.000351486, -0.238697
-0.691694, 0.723107, 0.134156
-0.131949, -0.81019, 0.547069
0.799176, -0.132636, 0.535704
0.133521, 0.643464, 0.68582
0.211767, 0.776676, -0.503594
-0.302892, 0.0461377, -0.947856
-0.0106901, -1.01079, -0.179488
-0.10965, 0.756198, -0.641106
-0.354497, 0.772124, -0.529532
0.434198, 0.231235, 0.882688
0.780416, 0.298286, 0.447108
0.64122, 0.272922, -0.69312
0.984468, -0.0379703, 0.195751
0.668599, -0.695033, 0.196629
-0.675749, 0.736415, -0.143207
0.607587, 0.537127, 0.607273
-0.82878, -0.513158, 0.109605
0.883384, 0.320047, 0.23829
-0.544266, -0.454639, 0.726685
0.622543, -0.315735, -0.717934
0.125876, -0.647656, -0.768159
0.32285, 0.879034, 0.192117
-0.0234222, 0.986951, 0.0699928
-0.686346, 0.699265, 0.300465
-0.442781, 0.687054, 0.56123
-0.487702, 0.120121, -0.850254
0.570521, -0.69732, 0.279691
-0.953781, -0.172882, 0.269213
-0.406285, -0.439725, 0.767859
-0.936173, 0.184054, 0.0131893
0.751051, 0.655559, 0.231296
0.898057, 0.0471121, -0.511014
0.650948, -0.692669, 0.289656
-0.961453, -0.302352, 0.0779493
-0.775618, -0.744522, -0.116969
-0.121598, 0.857126, -0.513151
0.41231, 0.476737, -0.683803
0.356585, -0.400171, -0.759355
0.163629, 0.0251837, 1.01442
0.104886, -0.868674, 0.438446
0.623017, -0.60901, -0.606568
-0.0917422, -0.26428, 0.971255
0.979409, 0.325723, -0.262551
-0.462811, 0.901139, -0.0852488
-0.827972, 0.157413, -0.57961
0.53549, -0.587235, 0.641395
0.655783, -0.388056, -0.54743
-0.52893, -0.645151, 0.510291
0.848678, -0.341531, 0.472869
-0.766855, -0.57573, 0.443331
-0.962295, 0.190146, -0.23518
0.38413, -0.196406, 0.848811
-0.310999, -0.925344, 0.376847
-0.0578251, -1.07829, -0.128397
-0.0326654, 0.480502, -0.872564
-0.593085, 0.734508, -0.0731739
-1.00469, 0.234803, -0.119046
0.0961651, -0.582786, -0.811166
-0.113745, -0.665591, -0.797872
-0.677645, -0.0441877, 0.759548
-0.179439, -0.0461293, 0.95669
-0.213066, 0.177261, 0.893962
0.787397, 0.558633, -0.302081
-0.526345, 0.854007, -0.312762
0.116691, 0.0917541, -0.947166
-0.538712, -0.698954, -0.469576
-0.541731, 0.838437, 0.205072
0.957303, 0.126389, 0.288218
0.498107, -0.573764, 0.627718
0.694725, -0.0188507, -0.741843
0.14704, -0.964555, 0.276115
0.476811, 0.729056, 0.414963
0.352219, 0.26753, 0.847082
0.674681, 0.146249, -0.73905
0.351573, 0.0193881, 0.951963
0.953328, 0.129774, -0.0105819
-0.609734, 0.620299, 0.51344
-0.160327, 0.822715, 0.410763
0.690876, -0.331259, -0.640433
0.856633, 0.0547462, -0.494568
-0.757594, 0.594879, -0.328571
0.962026, -0.0726271, -0.455706
-0.673018, -0.303907, -0.694349
-0.765071, -0.0571867, 0.653599
-0.253525, -0.682095, -0.605261
-0.102889, -0.120562, 0.965334
0.707255, 0.437889, 0.623997
-0.0023894, 0.574849, -0.785769
-0.294936, 0.953927, 0.126678
-0.79634, -0.6252, 0.0667074
0.204379, -0.340833, 0.882422
0.306841, -0.941901, -0.084003
0.841801, 0.502938, -0.159962
-0.0299987, 0.064476, 1.02107
-0.591799, -0.855447, -0.0372552
-0.24167, -0.920698, 0.321566
0.155092, 0.2803, -0.926847
0.348469, 0.320439, 0.869949
0.256682, 0.918143, 0.402173
-0.19492, 0.340844, 1.00201
-0.832893, -0.28061, -0.580626
0.531236, -0.208283, -0.768264
0.452602, 0.808273, 0.305557
-0.217908, -0.256437, -0.923066
0.0687356, -0.157313, -1.00148
-0.391262, -0.92917, -0.303108
-0.147261, 1.02869, -0.165384
-0.460692, -0.422395, -0.833054
0.264557, 0.497607, -0.797069
0.0509504, -0.189961, 0.986173
-0.119908, -0.453586, 0.886663
0.635669, -0.81074, 0.091944
-0.209962, 0.642269, -0.736057
-0.107816, -0.925025, 0.347584
-0.531937, 0.821895, 0.253951
-0.968642, -0.0576524, -0.327616
0.851219, 0.265082, -0.411348
0.580942, -0.334309, -0.767603
0.848658, 0.044711, 0.379355
0.127895, 0.166791, -0.911189
-0.417938, 0.0313788, 0.887212
-0.782925, -0.450587, -0.234676
0.906639, 0.267183, 0.24128
-0.354976, -0.132911, -0.974118
-0.997636, -0.02836, 0.234879
0.467269, -0.281523, 0.828326
0.135821, 0.00319948, 1.03786
0.652011, -0.615294, -0.454653
0.087393, 0.101172, -0.988893
-0.680512, -0.716927, -0.160904
0.488352, 0.88579, -0.0819908
-0.505193, 0.706215, 0.445161
-0.507908, -0.754172, 0.333559
0.635002, -0.316179, 0.693254
0.25579, 0.826661, -0.491311
0.425889, 0.799267, 0.439426
-0.614663, 0.837053, -0.0726096
0.997173, 0.0123729, 0.377001
-0.819174, 0.133941, 0.533424
0.190087, 0.211471, -0.952037
-0.944057, -0.12234, 0.0438812
-0.277099, 0.971831, 0.097424
0.589917, -0.771254, 0.0507897
0.578336, -0.292577, 0.749974
0.364705, 0.901306, 0.112365
0.522653, 0.643261, 0.497139
0.730134, -0.102922, -0.70181
0.157364, -0.722085, -0.700779
0.115959, 0.483539, 0.872207
-0.406398, -0.271589, -0.922176
0.731172, 0.310464, 0.612537
0.123396, -0.138623, -0.959214
-0.574963, 0.146765, -0.77054
0.529648, 0.834194, 0.334211
-0.615842, -0.417122, 0.616522
0.665472, 0.604543, 0.3257
0.922461, 0.167319, -0.333821
-0.381162, 0.621132, -0.684186
-0.800996, -0.0455188, 0.548781
0.98458, 0.0667539, 0.202782
0.362992, -0.898724, 0.127766
-0.127969, 0.958786, 0.190409
-0.634497, -0.556976, -0.595976
0.696582, 0.619482, -0.110473
0.926002, -0.305528, -0.252093
-0.795645, 0.126381, -0.584068
0.0687985, 0.271183, 0.900869
-0.219173, 0.798146, -0.513548
-0.0764993, -0.9439, 0.274096
-0.862268, -0.0612658, 0.422487
-0.883136, -0.261936, 0.429673
-1.00363, 0.204542, 0.0240432
0.120548, -0.0385723, 1.00966
-0.334037, -0.54965, 0.781249
-0.659698, 0.769102, 0.0895282
0.383726, -0.818097, -0.343568
0.850457, -0.370497, 0.398218
0.124583, -0.736449, 0.692783
0.652145, -0.388541, -0.638147
0.334266, -0.430024, -0.806161
0.0286048, -0.0100992, 1.02392
0.3388, 0.448318, 0.821286
-0.297364, 0.842027, 0.571281
0.334719, -0.335479, -0.884266
0.170937, 0.607755, -0.81457
-0.878566, 0.521836, 0.167024
-0.6921, -0.695979, -0.234845
0.654592, -0.381472, -0.598297
-0.516589, -0.798248, 0.48887
0.923617, -0.192306, 0.445368
-0.794912, 0.407903, -0.559991
0.106903, -0.651638, -0.815237
-0.142663, -0.509192, 0.841886
0.482416, 0.595456, 0.613109
-0.716504, 0.693391, 0.0699998
-0.113149, 0.863558, 0.494851
0.621081, 0.665267, -0.408962
0.640602, -0.518313, -0.551555
0.964373, -0.169328, 0.0985281
-0.268895, 0.081813, 0.983241
0.650325, -0.0286887, 0.744725
0.4486, 0.292278, 0.822696
-0.843663, 0.58301, -0.125605
0.836025, -0.495597, 0.0616949
-0.0209316, 0.923888, 0.357056
0.503194, -0.132022, 0.881501
-0.649781, -0.304002, 0.632003
-0.710359, -0.27909, 0.608093
-0.175981, -0.594045, -0.834837
-0.765795, -0.190989, -0.59985
-0.302939, 0.434268, 0.758994
0.292572, 0.122024, -0.968538
0.743379, 0.439599, 0.52623
-0.448879, -0.350146, 0.763638
0.358238, 0.029897, 0.858126
0.880859, 0.0847619, -0.532786
-0.504283, -0.544576, -0.676226
0.0462646, 0.43486, 0.937834
-0.454592, 0.920716, 0.224589
-0.18482, 0.986601, 0.193084
0.439707, 0.909957, 0.0813348
-0.28912, 0.832293, 0.490312
-0.88093, -0.0899413, 0.348133
-0.549177, 0.765937, 0.0931586
0.0705456, 0.886464, -0.453155
-0.811566, 0.338154, 0.542717
0.159693, 0.540369, 0.798998
0.318255, 0.964089, 0.113127
0.696387, -0.386129, -0.618762
-0.730912, -0.694408, -0.0950657
0.835625, 0.142331, 0.487147
0.0233485, -0.732098, 0.659863
0.587717, -0.784398, 0.197989
-0.845704, -0.00812925, -0.498029
0.628851, -0.311273, 0.745907
-0.948393, 0.0891561, -0.184987
0.451461, -0.300838, 0.807227
-0.373631, -0.0707565, -0.961713
-0.389998, 0.683995, 0.55612
0.990567, 0.147587, 0.132657
0.482125, 0.906084, 0.0789799
0.652216, 0.693075, 0.290416
-0.255561, 0.940451, -0.155381
0.139926, 0.869508, 0.349865
-1.02593, 0.159435, -0.163947
-0.287757, -0.407834, -0.837063
-0.338971, 0.75984, -0.525183
0.0872672, 0.633654, -0.744742
-0.0585698, -0.666574, 0.791389
0.643923, 0.733275, 0.115753
0.969593, 0.0846692, 0.228801
0.104949, 0.726442, 0.675574
-0.734073, -0.582949, 0.413268
0.101217, -0.0952379, 0.925348
-1.01518, 0.0123622, 0.0461097
0.767557, -0.508593, -0.243953
-0.0857558, 0.899463, -0.389314
-0.550856, -0.178868, 0.822515
-0.99884, -0.13652, -0.230939
0.312363, 0.260826, -0.933586
-0.685457, -0.382168, -0.593528
-0.130845, -0.956476, -0.284271
-0.938622, 0.421228, 0.0669655
-0.793338, 0.232941, -0.673183
-0.508234, 0.740186, 0.32779
0.595081, 0.733921, 0.0543321
0.625502, 0.816978, 0.0197564
-0.182696, -0.515914, 0.823348
0.14029, 1.0124, -0.266937
-1.00063, 0.0761208, -0.0135432
-0.116133, -0.631628, 0.818887
-0.596397, -0.803685, -0.037732
-0.0588718, -0.586372, -0.8326
0.399036, -0.825701, 0.305571
-0.233096, 0.519278, 0.778904
-0.422261, -0.49883, -0.759147
-0.529835, 0.829245, 0.0286923
-0.147313, 0.913555, 0.446843
0.0026073, 0.744162, -0.5808
0.54382, -0.341587, 0.781952
-0.15613, -0.836553, 0.481503
0.79272, 0.166827, -0.583084
-0.672914, 0.0666646, -0.72343
-0.856504, -0.442757, 0.0562198
-0.165955, 0.004, 0.953438
-0.513297, 0.784815, 0.322429
0.128511, -0.12557, 0.969775
0.355494, -0.234457, 0.863247
-0.601451, -0.317526, 0.803973
-0.169973, -0.751671, -0.642771
-0.628231, -0.672791, 0.210703
-0.111669, 0.776345, -0.676875
-0.317073, 0.0733825, -0.885869
-0.883596, -0.258404, 0.361748
0.896468, -0.0579684, 0.479748
0.386579, -0.0358722, 0.881321
-0.615834, 0.679024, 0.403908
0.702446, 0.677152, -0.244693
-0.978282, -0.223912, 0.251026
0.025511, -1.06075, 0.0277641
0.693637, -0.232985, -0.676932
0.0537537, 0.89333, 0.464187
-0.535896, -0.86389, 0.1132
-0.986785, 0.102948, 0.159963
-0.666692, -0.309625, -0.589531
-0.567612, 0.786511, -0.122279
-0.24106, 0.892532, -0.403852
0.883558, 0.24371, 0.288536
-0.9876, 0.0228011, 0.12012
-0.120634, 0.633589, 0.781617
-0.389018, 0.306758, 0.909015
0.0172351, -0.16594, 1.02695
0.920898, -0.220469, -0.183794
-0.0158292, -0.279924, 0.94142
-0.148371, -0.245449, 0.960007
0.493036, 0.115855, 0.858108
-0.00710411, -0.726264, 0.633435
0.206863, 0.148375, 0.964311
-0.290088, 0.883978, -0.337123
-0.48878, -0.692561, -0.544743
-0.516137, -0.0148553, 0.850148
-0.541751, 0.674024, 0.625409
0.0130453, 0.86691, -0.514752
0.119563, -0.0353199, -0.975602
-0.292425, -0.362211, 0.887647
-0.573778, -0.564551, 0.508461
-0.354957, -0.414808, -0.82535
-0.895116, -0.300032, 0.192562
0.124022, -0.819757, -0.593397
0.635605, 0.56824, 0.570177
-0.813806, -0.532982, 0.116922
0.451079, 0.416203, -0.758575
0.225398, -0.177662, -0.959905
0.363533, -0.219398, -0.851128
0.605176, -0.354453, -0.725115
0.14132, -0.980464, 0.0842704
0.00802503, -0.370926, -0.948726
0.472554, -0.815068, 0.40435
0.375009, -0.0374738, -0.920641
0.621816, 0.679079, 0.323658
-0.888817, 0.369547, -0.19863
0.757341, -0.512019, 0.488138
-0.348503, -0.897126, -0.250519
0.736719, 0.676951, -0.308467
-1.00611, 0.135393, 0.156241
0.31137, 0.25806, 0.914476
0.396845, 0.152264, 0.896549
-0.360224, -0.0374339, 0.906112
-0.899559, -0.183969, -0.298614
-0.793365, 0.469652, -0.354704
-0.64292, -0.247525, 0.659167
-0.925951, -0.243262, 0.323194
0.0198571, 0.0188076, 1.03741
-0.252014, -0.00371834, -0.943605
-0.389518, 0.862434, 0.360808
0.384454, -0.952941, 0.196473
-0.298645, -0.957756, -0.0848323
0.153141, -0.660772, 0.711894
0.817727, -0.231875, 0.552733
-0.201332, -0.333244, 0.929971
0.27679, -0.963363, 0.269035
-0.0659504, 0.713614, 0.678591
-0.669347, 0.438943, 0.666961
0.608097, 0.792965, 0.0523403
-0.276565, 0.191879, -0.926246
0.941456, -0.342345, 0.167604
-0.949928, -0.145574, -0.210009
0.371878, 0.710759, -0.660819
0.570144, 0.062287, 0.862769
-0.158303, -0.922786, 0.252869
-0.0345106, 0.887888, 0.504033
0.276908, -0.878455, -0.388499
0.183253, -0.0620298, -0.988474
0.735389, -0.676694, 0.126034
0.249467, -0.249239, 0.862662
-0.757285, 0.699128, -0.0565967
0.461672, 0.889605, 0.196421
-0.708285, -0.194992, -0.654065
0.590944, -0.832025, 0.0567137
0.58715, 0.733337, -0.37044
0.522345, -0.755942, 0.34251
-0.659827, 0.637005, 0.49675
0.176964, 0.951822, -0.175586
-0.215703, 0.919018, -0.189732
-0.787699, -0.510143, -0.334546
0.176777, 0.234846, 0.941097
0.908963, -0.362342, -0.154832
1.00297, 0.0244305, -0.142739
-0.0414226, 0.13009, 0.945983
-0.0230285, 0.868534, -0.501087
0.415729, 0.0803161, -0.858649
-0.987095, 0.171177, -0.0539623
0.0575564, 0.153837, -0.969438
0.365245, -0.566613, 0.677214
0.37583, -0.660278, 0.588083
-0.273963, 0.356088, 0.921296
-0.473827, 0.750628, 0.398415
0.353591, 0.534161, 0.612318
-0.576221, 0.616019, 0.544387
0.485398, -0.804913, -0.282672
-0.589849, 0.792452, 0.138664
-0.0129965, -1.01392, 0.284091
-0.492087, 0.795806, -0.288941
-0.910337, -0.178864, -0.50646
-0.141523, -0.912589, 0.39603
-0.496129, -0.0318833, -0.869733
0.571914, -0.795326, 0.318379
0.488011, -0.565091, -0.648054
0.801687, -0.576917, 0.314645
-0.464104, -0.491365, 0.725748
-0.0428326, -0.174301, 0.964724
-0.364061, -0.965185, 0.00806488
0.278021, 0.946278, 0.24747
0.256267, -0.879749, -0.340092
-0.815532, -0.468891, -0.341094
0.628745, 0.235044, -0.738301
-0.821401, 0.560362, -0.0196331
-0.764823, -0.440324, -0.429322
0.297792, -0.830775, -0.481031
0.0585146, -0.340801, 0.913842
0.576249, -0.78201, -0.142931
0.0670561, -0.0632372, 0.99842
0.0135193, 0.97676, 0.0036739
0.460483, 0.806333, 0.303913
-0.860344, -0.00148152, -0.452171
-0.5199, 0.895489, 0.0369866
-0.319744, -0.629752, 0.645886
-0.0582085, -0.0793925, -0.97685
0.7813, -0.212695, -0.557558
0.342706, 0.99839, -0.193227
0.228761, -0.511906, 0.802604
0.244353, -0.961457, -0.0040411
-0.641021, 0.623148, 0.460629
0.901061, 0.337797, 0.0504085
-0.0805842, -0.995113, 0.0999448
-0.95223, -0.102606, -0.151866
0.866662, -0.0424481, -0.524863
0.627413, -0.793813, 0.135948
-0.517739, -0.0507947, -0.812865
-0.16117, 0.66317, 0.707546
-0.880311, -0.420884, 0.243717
0.55781, 0.668312, -0.455897
0.85431, 0.409606, -0.393115
-0.5609, 0.723154, -0.301777
-0.561671, 0.296026, -0.74677
0.98971, -0.188577, -0.233102
0.996008, -0.102706, -0.0626215
-0.0935955, -0.651836, 0.773723
0.316327, -0.189868, -0.959757
-0.105669, -0.292322, 0.996467
-0.147519, -0.95434, 0.104399
-0.15367, 0.277523, -0.960503
-0.237709, 0.373705, 0.861336
-0.33529, -0.837996, 0.358008
0.239455, -0.0202548, -0.951527
0.481258, -0.867708, 0.012922
-0.460546, -0.410386, -0.816109
-0.494455, 0.00414394, 0.823452
0.134584, 0.903052, 0.405841
-0.62417, 0.711333, -0.372854
0.412038, 0.67014, -0.558388
-0.029433, 0.732288, -0.652764
0.138721, -0.587425, -0.827614
0.118984, -0.699905, -0.632573
0.132939, 0.48877, -0.875534
0.175719, -0.555755, 0.841533
0.728397, 0.43613, 0.539387
-0.319537, 0.0442659, -0.953277
-0.188417, -0.393907, 0.864534
-0.00629435, -0.409124, 0.944711
-0.981511, 0.0651245, 0.228592
0.420662, -0.904317, 0.071036
0.389507, -0.762392, -0.460401
0.450208, 0.866908, 0.268775
-0.125494, 0.95834, -0.0387798
0.389567, -0.647226, 0.748498
0.301112, 0.926289, 0.134408
-0.065985, -0.412975, -0.927468
0.500567, 0.0706339, -0.854815
0.766003, 0.0231216, -0.624066
-0.621856, -0.720936, -0.407276
-0.879397, -0.286662, 0.383012
-0.766609, 0.523411, -0.220892
0.381547, 0.824865, -0.59429
-0.102279, -0.150326, 0.959956
-0.816177, 0.469554, 0.409149
-0.01802, -0.908059, 0.58333
0.26781, -0.703463, 0.657829
0.832042, 0.524439, 0.431513
0.0681649, -0.986382, -0.200938
-0.465025, 0.711717, 0.54612
-0.674802, -0.480621, -0.573031
0.630688, -0.104464, -0.768387
-0.99118, 0.315635, -0.0570818
-0.65668, 0.525389, -0.561705
0.832534, -0.343597, 0.484147
0.260377, -0.633613, -0.676632
-0.990645, 0.0861286, 0.0151789
0.31542, -0.979052, -0.153169
0.512512, -0.612788, 0.569125
-0.180998, -0.759473, -0.566406
0.84605, -0.467189, -0.127196
0.300276, -0.812163, -0.53563
-0.900271, -0.424566, -0.0665371
0.823511, 0.374187, -0.40061
-0.331958, -0.641388, -0.603515
0.33056, -0.589059, -0.75051
-0.244255, -0.984011, 0.0626244
-0.621674, -0.402192, 0.649216
0.77707, 0.589223, -0.028335
-0.82411, -0.344917, 0.448517
0.251628, 0.898564, -0.0447125
-0.932445, 0.191285, 0.109357
-0.907852, -0.202688, 0.283912
0.156949, 0.108421, 0.959735
0.286286, -0.881786, 0.19762
-0.757014, 0.136311, 0.646366
-0.690943, 0.111843, -0.691143
-0.419953, 0.367189, -0.815532
-0.309377, -0.937738, 0.117581
-0.527021, 0.232097, -0.770674
0.84694, 0.0253532, -0.54837
0.0189946, 0.230525, 0.978711
0.697226, 0.542244, -0.501599
0.528927, -0.599328, -0.628001
0.470372, 0.45926, -0.709392
-0.985445, 0.0429629, 0.131554
0.146835, 0.0482635, 0.98093
0.825184, 0.613399, -0.138123
0.722225, 0.59835, -0.293741
-0.405425, 0.107635, 0.868201
0.0488391, -0.815602, -0.536431
0.0780339, 0.746122, -0.660874
0.921452, 0.112757, 0.314809
-0.777188, 0.464593, -0.349934
-0.331853, -0.928378, -0.196332
0.0510088, -0.697583, 0.670097
-0.546198, 0.56453, 0.540542
-0.254141, -0.252639, -0.891757
-0.710107, 0.713156, -0.00947409
0.204172, 0.825363, 0.571111
0.854524, -0.0827169, 0.534512
-0.915563, 0.484527, 0.240235
0.627624, -0.252919, -0.783232
0.795173, -0.341982, -0.494382
-0.90912, -0.379283, 0.271789
0.353408, 0.905126, -0.10119
-0.171363, -0.0705912, -0.969267
0.844038, 0.507831, 0.291506
0.872991, -0.4748, 0.232885
0.35565, -0.0863705, 0.934875
0.563604, -0.842021, -0.0461331
-0.481492, -0.383271, -0.815936
0.662657, 0.516738, 0.568125
0.128787, 0.793277, 0.597989
0.884404, -0.351658, 0.295373
-0.0113005, 0.91435, -0.521976
0.394048, -0.879983, 0.082603
-0.521581, -0.61508, -0.646216
0.504774, -0.559624, -0.722442
-0.813078, -0.546196, 0.157869
0.0309625, -0.999904, 0.00219353
0.309588, -0.914811, -0.0712365
-0.450464, 0.362009, 0.821175
0.412527, -0.341146, -0.798474
0.0241695, 0.281941, 0.933345
0.379709, 0.817312, 0.419885
0.504716, -0.369838, 0.692475
-0.411691, -0.29523, -0.892703
-0.975086, -0.0184776, -0.269876
0.878889, -0.329124, 0.32362
0.855757, -0.246001, -0.55357
0.590497, 0.105687, 0.785322
0.835526, 0.0770903, 0.455481
0.954948, 0.408428, -0.213342
-0.498252, -0.777334, -0.350956
-0.194322, 0.780446, -0.60688
-0.49819, -0.472944, 0.723817
-0.885388, 0.0583901, -0.359204
0.205678, 0.95486, -0.0162032
0.233998, 0.550011, -0.740853
-0.382147, -0.771439, 0.531375
0.102909, 0.883139, 0.456241
-0.439495, -0.922554, -0.219502
-0.117776, -0.882286, -0.369129
-0.346298, -0.0484262, 0.907687
-0.276689, -0.727313, -0.687769
0.0999689, -0.987943, -0.258157
0.341874, 0.893537, -0.136188
-1.00232, -0.03649, 0.102454
-0.538579, 0.800283, 0.0664896
-0.681614, 0.729921, -0.133326
0.697588, -0.231806, 0.722033
-0.938853, -0.202997, -0.0937446
0.214833, 0.201322, 0.946212
0.212749, -1.00386, 0.126171
-1.03404, -0.0355811, 0.147918
-0.392359, 0.898192, -0.200665
0.96806, 0.236079, -0.203587
0.555221, 0.451379, -0.705505
0.605046, 0.376407, -0.758285
0.97451, 0.35961, -0.286428
0.708917, 0.654009, -0.366825
-0.956549, -0.118621, -0.150808
0.386487, 0.394086, 0.821619
0.263986, 0.313478, 0.932141
0.899293, -0.357355, -0.0353972
-0.548303, 0.75323, 0.360077
-0.756982, -0.233313, -0.572186
-0.232375, -0.488296, -0.868822
-0.277589, 0.392923, -0.892476
0.342666, -0.539442, 0.76923
0.31896, 0.95975, -0.0755548
-0.350996, -0.814492, -0.421373
-0.805332, -0.208689, 0.570603
-0.87452, -0.428853, 0.218489
-0.227044, 0.955458, 0.146671
0.812929, 0.476692, -0.34411
0.494304, 0.866405, 0.161371
0.807039, 0.465176, -0.378863
-0.892556, 0.442037, 0.0155858
0.626051, 0.781977, 0.102138
-0.0658425, -0.137367, 1.03126
-0.580854, -0.762936, -0.0268196
-0.217739, 0.758027, -0.539604
-0.101013, -0.787534, -0.638412
0.714752, -0.54817, 0.434518
0.128976, -0.923614, -0.270907
0.896002, 0.400685, -0.0878539
-0.286567, -0.736592, -0.588385
0.908987, -0.291309, -0.0286858
0.634023, -0.566013, 0.538897
-0.013544, 0.953165, 0.210843
-0.147763, 0.853302, 0.506778
0.854874, -0.533641, 0.140094
-0.188611, -0.384639, -0.937685
0.56952, -0.0651557, -0.863141
-0.94716, -0.0716466, 0.335509
-0.784705, 0.488076, 0.314608
0.12473, 0.938977, 0.275181
-0.285981, 0.780788, -0.699402
-0.473899, -0.236842, 0.810816
-0.961776, 0.159272, -0.342633
-0.420348, -0.623904, 0.636619
-0.724847, 0.511536, 0.379759
0.722488, -0.708349, -0.182542
-0.148019, 0.518987, 0.830884
-0.766179, -0.403598, 0.327987
0.8128, -0.48238, -0.212837
0.77848, 0.626458, 0.225943
-0.60571, 0.748045, -0.295357
-0.354019, 0.931582, 0.308664
0.895202, -0.246079, 0.418434
-0.383049, -0.508753, 0.830881
0.686862, 0.45813, 0.619005
-0.692638, -0.538257, 0.506967
-0.0691333, 0.901323, 0.380344
0.19946, 0.961888, -0.164633
0.219503, -0.147877, 0.931298
-0.835685, -0.529628, 0.145607
0.384793, 0.863751, 0.182359
0.384651, 0.441281, -0.803135
-0.827451, -0.542284, 0.108754
0.34138, -0.525259, 0.786506
-0.777427, 0.619979, 0.0804033
-0.725332, -0.192163, -0.658665
0.101793, -0.887682, 0.471093
-0.426763, -0.57346, 0.749732
0.175031, 0.551366, 0.870548
0.453733, -0.213739, -0.924155
-0.331369, 0.533907, 0.775216
-0.391355, 0.119709, -0.906316
0.133321, -0.869452, -0.554983
-0.953191, -0.211173, 0.0856775
0.960797, 0.00617955, 0.32729
-0.696649, -0.417333, 0.572403
-0.73298, -0.492335, 0.431937
0.368391, -0.145429, 0.906548
0.406891, 0.786223, -0.347608
-0.0235956, 0.787963, 0.629185
0.0311097, -0.867883, -0.51734
-0.761916, -0.424625, 0.496206
-0.167434, -0.669034, 0.776344
-0.881479, -0.00455075, -0.556663
-0.0204424, 0.095217, 1.01364
-0.84248, 0.519657, -0.040067
0.0895179, 0.970751, -0.00215235
0.908401, 0.129324, -0.452722
0.0985113, -0.0437048, -0.980141
-0.213994, 0.483356, -0.854315
-0.848981, 0.386809, 0.34697
-0.283999, 0.12456, -0.9664
0.681296, -0.239395, -0.703769
-0.0761021, -0.952958, 0.309518
0.287754, -0.819785, -0.548048
0.764387, -0.178748, -0.642324
-0.351038, 0.71115, -0.655943
-0.743611, -0.537245, 0.370677
1.01495, 0.188695, -0.0226953
0.682919, 0.705176, 0.0677954
0.641714, -0.810968, 0.0415449
-0.668218, -0.735401, -0.0540516
0.812953, -0.470546, -0.480707
0.0567139, 0.553661, 0.817431
0.308233, 0.384171, -0.81591
0.397402, 0.636443, -0.682909
-0.110389, -0.528838, -0.789141
0.978722, -0.0518476, -0.0326051
0.626296, -0.58853, -0.550648
-0.411857, -0.578196, -0.759161
-0.205217, 0.927634, -0.171739
-0.614258, -0.699435, -0.288845
-0.386746, 0.876256, 0.085761
-0.198872, 0.866357, -0.466132
-0.543926, -0.805709, -0.174594
-0.532132, -0.808705, -0.327038
0.138801, 0.281849, -0.917612
0.886383, 0.455019, -0.228583
-0.265876, 0.0567542, 0.971371
-0.411329, -0.609308, 0.762631
-0.84872, -0.0655829, 0.524261
-0.897761, -0.248525, -0.266075
-0.836186, -0.333132, -0.543043
-0.415443, -0.590922, 0.707025
0.438117, -0.528039, 0.731484
0.254071, -0.368832, -0.870348
-0.634845, 0.484409, 0.622667
-0.0285837, -0.889217, -0.397881
-0.249498, -0.966926, -0.203703
-0.891616, 0.516973, 0.161166
0.200391, 0.908423, 0.375273
-0.840779, -0.559203, -0.103077
0.571123, 0.165314, -0.815726
-0.524546, 0.424338, 0.770968
0.585588, -0.654945, 0.339673
0.395848, 0.143311, -0.887768
0.823478, -0.14252, 0.512801
0.975979, 0.108275, 0.112475
-0.629746, -0.50106, -0.690997
-0.21106, 0.800903, -0.570948
0.947691, 0.239635, 0.134379
-0.547943, 0.765748, 0.316588
-0.771788, 0.627456, 0.376392
0.468997, 0.760544, 0.468442
-0.368382, -0.262242, -0.840853
-0.453627, 0.717269, -0.557198
0.181954, 0.947781, -0.230219
0.931108, -0.100484, -0.354778
-0.786225, -0.214519, -0.575305
0.692754, 0.679305, 0.244661
0.930879, -0.191795, -0.2564
0.889102, 0.220827, 0.45249
-0.499064, -0.32557, -0.77573
0.737872, -0.503681, -0.385529
-0.191431, -0.895541, -0.433653
0.179342, -0.737928, -0.579376
0.286916, -0.61934, -0.627968
-0.413408, 0.0016331, -0.915109
-0.728242, 0.600562, 0.375576
0.743895, -0.0408598, -0.687202
-0.504051, -0.886476, 0.0354786
0.0584329, 0.358423, -0.88516
0.94282, 0.391603, -0.0680219
-0.531757, -0.459245, 0.728611
-0.934422, -0.322129, 0.121105
-0.324239, -0.335571, 0.810581
0.0843774, -0.946105, 0.19578
-0.0910021, -0.325735, -0.854138
0.214275, -0.524863, -0.855002
-0.725235, 0.419521, -0.445874
0.231548, 0.673845, 0.734109
-0.871235, 0.55166, -0.123915
0.255689, 0.854166, 0.483296
0.603443, -0.366925, -0.661714
-0.331205, 0.851392, 0.40704
0.550381, -0.24485, 0.784562
0.128333, 1.01452, 0.255929
-0.947782, 0.164287, 0.0395062
0.776635, -0.552285, 0.300615
0.184469, 0.482311, -0.876379
-0.687402, -0.355117, -0.621782
0.128625, -0.615148, -0.7273
0.735419, -0.0221523, 0.615194
0.215918, -0.648139, -0.702457
0.435878, 0.695934, 0.613868
0.262299, -0.0871733, 0.955351
0.136286, -0.972124, 0.242229
0.424218, 0.825742, -0.381882
-0.55613, 0.845588, -0.108315
-0.345443, 0.862316, 0.36641
-0.661851, 0.760558, 0.0835381
-0.0545802, -0.974138, 0.184007
-0.642726, -0.632109, 0.428325
0.218868, -0.61214, -0.682636
0.614387, 0.140919, -0.797398
-0.377987, 0.265705, -0.898309
0.0464961, 0.664405, 0.800982
-0.0957829, 0.988462, 0.117243
-0.0550454, 0.958364, 0.178698
-0.148923, -0.443708, -0.872841
0.787429, 0.658433, -0.0542598
-0.346521, 0.558104, 0.752276
0.612082, -0.897222, -0.0512223
0.210359, 0.763422, -0.586808
0.687206, -0.720464, 0.142887
0.17521, 0.56457, -0.775433
-0.978427, 0.205515, 0.0609715
-0.673201, -0.0791926, 0.779175
-0.78497, 0.391483, 0.361578
0.420762, -0.465556, 0.834637
-0.702002, -0.658109, -0.322243
-0.863405, 0.234976, 0.336676
-0.120918, 0.743588, 0.64209
-0.993906, -0.19906, 0.274728
-0.513866, 0.747459, -0.449204
0.706167, 0.0789055, 0.68226
0.778154, -0.386063, -0.48934
-0.0215675, -0.521312, -0.860609
0.912754, 0.110811, 0.426109
-0.477562, 0.482212, -0.672437
0.916715, -0.400789, 0.247828
0.500778, 0.774085, 0.366255
-0.0421147, -0.18752, 0.952746
0.40153, -0.176146, 0.90675
0.363449, 0.889941, -0.266328
-0.355853, 0.0704386, -0.986459
0.687276, 0.667879, -0.184769
-0.912705, -0.448246, 0.0271346
-0.569458, -0.847189, 0.0378601
0.523278, -0.401282, -0.673899
-0.857407, -0.478361, 0.272337
0.447522, -0.80836, -0.100116
0.603939, 0.219227, -0.782222
-0.744903, 0.576801, 0.0416643
0.537808, -0.834603, 0.214714
-0.0164959, -0.512104, -0.806627
-0.892526, 0.520377, -0.202902
0.148012, -0.791956, -0.552571
0.664219, -0.318513, 0.681375
-0.265937, -0.177562, 0.932358
-0.804368, 0.119724, -0.56125
-0.906337, -0.305019, 0.317714
-0.0359136, 0.906146, 0.378469
0.450231, -0.819285, -0.224798
-0.229993, 1.00554, 0.000758234
0.683724, -0.39318, -0.535978
-0.325706, -0.913853, 0.0706039
0.262724, -0.45493, -0.7942
-0.52142, -0.407139, -0.75264
-0.585755, 0.774971, 0.148924
0.917772, 0.240143, -0.134707
-0.794446, 0.488763, 0.408396
0.570194, -0.779374, 0.0706975
0.944537, -0.383808, -0.114425
-0.214963, -0.953227, 0.291048
-0.64883, 0.411493, -0.672709
-0.387831, -0.878288, -0.457893
0.0405129, 0.974187, -0.299256
-0.0734642, -0.568187, 0.809961
-0.549579, -0.258413, 0.76205
0.572311, -0.744373, 0.350557
-0.62672, 0.602356, -0.49463
-0.112413, -0.901274, -0.405941
0.68233, -0.405712, -0.643134
0.10259, -0.900796, -0.299551
0.832117, -0.233528, -0.444697
0.020166, -0.094573, -1.00935
-0.956255, 0.277189, 0.0275598
0.633907, 0.750325, 0.250197
0.955835, -0.216015, 0.437257
0.221599, 0.234565, -0.942803
0.0696052, -0.127497, 0.968419
-0.531697, -0.383954, -0.834576
-0.81062, 0.362304, -0.45837
0.104848, 0.918626, -0.326202
-0.733508, 0.430457, 0.496333
0.431879, -0.427157, 0.803091
0.835001, 0.542736, 0.0519093
0.436507, -0.25786, -0.819857
0.341258, 0.326278, 0.875612
0.890118, -0.447618, -0.303275
-0.0695193, 0.961378, 0.461056
0.0804854, 0.279367, 0.999069
-0.665605, 0.70842, 0.0792308
0.366432, -0.938921, -0.244959
0.651977, -0.327142, -0.721647
-0.720129, -0.702238, -0.0653294
-1.03494, -0.278398, 0.0395802
-0.657511, 0.463011, 0.581772
-0.406768, 0.38541, -0.916744
0.0322079, -0.993031, 0.273813
-0.00374471, -0.942933, -0.412221
-0.746232, -0.534091, 0.315835
0.620289, -0.541131, 0.557899
0.73486, 0.514145, -0.402016
0.936319, -0.0185445, 0.0506302
1.00302, 0.0475372, 0.29916
0.285903, -0.576323, -0.783406
0.343835, 0.916481, -0.130835
0.841596, -0.0994656, -0.46277
0.417408, 0.191841, 0.895428
-0.26389, 0.605209, 0.733691
-0.867914, -0.345345, 0.40895
-0.602257, 0.63887, 0.412566
-0.649912, -0.396715, 0.660079
0.0173686, 0.654769, -0.77381
0.969208, 0.11162, 0.224513
-0.436717, 0.826454, -0.416922
0.0656385, 0.424696, -0.868603
0.351026, -0.665365, 0.730465
0.802447, -0.466431, 0.406451
-0.240415, 0.929128, 0.0367184
0.319566, 0.872226, -0.220936
0.918943, 0.35799, -0.0334339
0.699459, 0.670867, 0.231501
0.661018, -0.7836, -0.109435
-0.502281, -0.632387, 0.678538
0.79292, -0.615675, 0.25206
-0.673511, 0.0679681, -0.676266
-0.179918, -0.674809, 0.686128
-0.621989, 0.299815, -0.72099
-0.538961, 0.853936, -0.111053
0.678996, 0.265654, 0.698455
0.222042, 0.653441, -0.717665
-0.474957, 0.201928, -0.857951
0.0601154, -0.981952, -0.123629
-0.41867, 0.25369, 0.823879
-0.708618, -0.263812, 0.681245
0.204394, 0.940549, 0.0246002
-0.149973, 0.151935, 1.00742
0.663371, -0.726194, -0.00117186
0.72907, -0.597558, -0.453517
0.465699, -0.824722, -0.223718
-0.459882, 0.222199, -0.884454
0.458274, 0.263521, -0.858281
-0.734191, 0.645679, 0.250078
-0.0192282, -0.371489, -0.973162
0.813448, -0.269909, 0.496146
0.0173657, -0.395516, 0.903062
0.510804, 0.788448, -0.224238
0.0797042, 0.755983, -0.625838
-0.145459, -0.970409, 0.241497
0.0413239, -0.799973, -0.54214
-0.326125, -0.763154, 0.668918
-0.566735, 0.653174, -0.523935
0.84353, 0.433931, 0.279049
0.809573, -0.379811, -0.422282
-0.570246, -0.0124004, -0.746974
-0.592162, -0.390221, 0.626485
-0.657282, 0.617094, 0.346457
-0.282943, 0.838979, 0.408949
-0.83189, -0.559594, 0.0353021
0.700665, -0.439317, -0.588194
0.295193, 0.0446759, -0.928948
0.333773, 0.472174, -0.797742
-0.286655, -0.494887, 0.818397
0.411449, -0.401503, 0.8131
-0.919689, 0.170973, 0.338659
-0.733514, -0.540148, -0.356689
0.894013, -0.341034, -0.0840714
-0.63646, 0.00450472, 0.757872
-0.820354, -0.472125, 0.33125
-0.843196, 0.479077, -0.260972
-0.486427, -0.155266, 0.849064
-0.879054, 0.463828, -0.227518
-0.585261, -0.190217, -0.764772
-0.44431, -0.309164, 0.840605
0.67278, 0.748821, 0.115713
-0.168767, 0.901336, 0.215244
-0.692649, 0.564566, -0.473691
0.529046, 0.801158, 0.201913
0.162715, 0.485496, 0.884166
-0.795708, -0.00989622, -0.601027
0.147159, -0.559193, 0.82247
-0.70395, -0.649686, -0.309442
0.0347348, 0.427624, -0.867143
0.45334, 0.533237, 0.732915
0.981477, -0.331699, -0.106918
-0.0227993, 0.0598377, -0.974842
0.519308, 0.0594868, -0.818786
0.93871, -0.31653, 0.163782
-0.21219, -0.873422, 0.227995
-0.573956, 0.835337, -0.322244
-0.489285, -0.104225, -0.881414
-0.230474, -0.901699, 0.339298
0.384973, -0.885724, 0.23887
-0.445139, -0.497973, -0.801851
-0.117275, 0.970931, -0.127092
-0.925596, -0.24185, -0.174408
-0.0992905, -0.925207, 0.411965
0.130301, 0.655263, 0.679835
0.868457, 0.385804, 0.0456548
-0.770603, -0.365456, -0.530881
-0.25172, -0.251308, 0.914962
0.839293, -0.148369, -0.582711
0.497856, -0.429838, 0.66925
-0.412869, -0.280764, -0.839214
0.592338, -0.605533, 0.474125
0.212574, -0.179446, 0.944663
0.720396, 0.496392, -0.446272
-0.155996, 0.689616, 0.646592
-0.651754, -0.00566961, -0.773975
-0.0575711, -0.584006, -0.821142
-0.189279, 0.51375, -0.76652
0.392211, -0.856485, -0.162676
0.285563, 0.160075, 0.943616
-0.784285, -0.399255, 0.498841
0.612318, -0.332984, 0.715479
-0.33756, 0.628089, 0.741653
0.379205, -0.0536203, 0.925347
-0.270515, -0.639451, -0.732908
-0.346447, -0.913715, -0.344284
-0.902787, 0.0315252, -0.35893
0.853856, 0.625937, 0.147503
-0.469448, -0.270402, -0.81767
-0.948828, -0.305635, -0.138085
0.104406, -1.00577, -0.0388243
0.609246, 0.674012, -0.507507
-0.24438, 0.321283, 0.893557
0.249081, 0.464863, -0.884868
-0.775488, -0.30869, -0.515882
-0.777686, 0.00118836, -0.656342
-0.970203, 0.153572, 0.0265213
-0.766716, -0.534044, -0.39068
0.622794, -0.7715, -0.0617564
0.111169, 1.0061, -0.260115
0.700559, -0.584614, 0.441535
0.666377, 0.490239, -0.482829
-0.0846772, 0.700579, 0.670879
-0.307623, -0.973554, 0.264913
0.67802, 0.23737, -0.708818
-0.235619, -0.973621, 0.275202
-0.364901, -0.667858, 0.688074
-0.909463, -0.257456, -0.142376
0.240516, -0.966459, -0.0849143
0.125261, 0.903089, 0.385789
0.655139, 0.24874, -0.709083
0.378951, -0.938449, -0.116049
0.797438, 0.405041, 0.487131
-0.0673954, -1.01684, 0.235591
-0.405756, -0.856708, 0.369048
-0.437606, 0.618151, 0.664639
-0.357045, -0.484322, -0.784256
-0.469866, -0.867739, 0.323289
0.781474, -0.58694, -0.0618808
0.58353, -0.715023, 0.426349
0.706729, -0.479731, 0.410148
0.349767, 0.286829, -0.914373
-0.888401, -0.327514, -0.340438
-0.977854, -0.178473, 0.0149407
0.380773, -0.512589, -0.776992
0.835944, 0.113455, 0.494657
-0.0475589, -0.470305, 0.846505
-0.0918366, 0.750674, -0.665133
-1.01481, 0.126967, -0.319984
-0.80786, -0.567843, -0.106957
0.0917715, 0.183658, -0.972571
-0.0229691, 0.355153, 0.939716
0.276425, -0.279026, 0.905007
-0.18211, 0.628522, 0.76794
0.111338, -0.706014, -0.712335
0.379935, 0.92192, 0.0566869
0.150719, 0.00734566, 1.00174
0.260338, 0.738071, -0.707074
-0.810637, -0.319283, -0.515434
0.642167, 0.312323, 0.681585
-0.801298, 0.0685314, -0.612448
-0.251142, 0.875731, 0.490437
-0.991318, -0.228709, 0.308786
0.531453, 0.818365, 0.180401
-0.0387943, 0.110236, -0.939751
-0.700361, -0.403913, -0.513456
0.766304, 0.456662, 0.476609
0.949089, 0.0231356, -0.115668
-0.568222, 0.124946, 0.728896
-0.627153, 0.33209, 0.726708
-0.0778577, -0.689024, 0.606194
0.23712, -0.859608, 0.489483
0.596223, -0.439237, 0.647716
-0.098869, -0.033653, 1.04205
0.350959, -0.515981, -0.825847
0.622416, -0.57672, -0.549371
-0.0331093, -0.408793, -0.930095
0.700958, 0.520056, -0.533816
0.846366, -0.514231, 0.171857
-0.874041, -0.346176, -0.34931
0.91013, 0.0738848, 0.324918
0.390569, 0.77365, 0.544107
0.628664, 0.806515, -0.0765133
-0.660416, 0.682741, 0.0836525
0.685834, 0.585373, 0.463486
0.63489, 0.200096, 0.744911
0.637917, -0.65318, 0.54549
0.298968, 0.896801, -0.275681
-0.944833, -0.326754, -0.015458
0.795706, 0.237549, 0.529376
-0.51622, -0.509486, -0.708272
-0.0165208, -0.8774, 0.489412
0.746952, -0.54477, 0.315411
0.734845, 0.704407, 0.0596523
-0.649548, -0.756235, -0.368663
0.907777, -0.413833, 0.292036
0.605164, 0.329171, -0.74167
0.0638232, 1.00566, 0.102934
0.143493, 0.36434, -0.949955
-0.800236, -0.524113, 0.21908
0.266343, -0.882362, -0.3845
0.606971, -0.0382273, -0.743413
-0.279365, 1.01571, -0.187341
-0.193521, -0.117852, -0.990249
-0.01827, 0.401561, -0.922366
0.46036, 0.851616, -0.427352
-0.834915, 0.441467, 0.412594
-0.75448, -0.554278, -0.0303332
0.20338, -0.774628, -0.565701
0.237826, -0.969643, -0.0250459
-0.427064, 0.373892, -0.785953
-0.687465, 0.752143, 0.221109
0.744253, 0.422268, -0.517848
0.641184, -0.618097, 0.550862
0.684031, 0.636245, 0.406447
-0.536953, 0.478525, 0.644538
0.399059, -0.64572, 0.674147
-0.172066, 0.654158, -0.69619
-0.626874, 0.713583, -0.395424
0.136858, 0.456862, -0.905041
0.818735, -0.415399, 0.35083
0.597088, 0.687795, -0.410178
-0.530707, -0.813848, 0.24933
0.798147, 0.0422594, 0.618795
-0.549137, 0.779911, 0.194871
-0.180957, -0.711827, -0.662256
0.52085, -0.0322493, 0.879465
-0.0253858, -0.963427, 0.386446
0.368948, -0.225706, 0.885518
0.618788, -0.787688, 0.115138
0.8887, -0.475065, -0.12572
-0.487528, 0.749835, -0.26378
-0.655618, -0.205134, -0.760843
0.308662, 0.427728, 0.848341
-0.290927, 0.914835, -0.202025
0.691225, -0.654071, 0.316321
-0.783531, 0.18489, 0.559854
0.449913, 0.831431, 0.26883
0.870074, 0.175379, -0.441136
0.249379, -0.827703, 0.513924
-0.603698, 0.79876, 0.0352095
-0.482551, 0.567541, -0.669849
0.380753, 0.42851, -0.840706
-0.767333, -0.4479, -0.477003
-0.00849196, -0.586237, 0.815753
-0.809306, 0.425789, 0.369398
0.944598, -0.026689, -0.22741
0.797253, 0.346855, 0.427704
0.075564, -0.241786, 1.00557
-0.160072, -0.903755, -0.361818
-0.307759, 0.159165, -0.961239
0.130808, 0.996078, 0.30996
0.329868, 0.881463, -0.278592
0.63718, -0.615559, -0.482058
0.954075, -0.147997, -0.335834
-0.609786, -0.811778, -0.224613
-0.771454, -0.0264545, -0.581668
0.22091, -0.557666, -0.821294
0.822967, -0.0405168, 0.611917
-0.441929, 0.424706, -0.856461
0.191575, 0.791179, 0.562722
0.842899, 0.5096, -0.185166
-0.264994, 0.288206, -0.936962
-0.879828, -0.532097, -0.0167988
-0.505189, 0.78301, -0.303741
0.0769125, -0.80908, -0.60908
-0.0589479, -0.00605634, 0.999682
0.102914, 0.438557, -0.951232
0.441706, 0.859425, -0.342065
-0.137259, 0.898803, 0.502775
-0.381552, -0.796455, -0.46875
0.529275, 0.869233, 0.270529
0.849761, -0.188835, 0.389906
-0.985748, -0.253504, -0.173759
-0.618018, -0.209801, 0.798195
0.614297, 0.404422, 0.747077
0.923707, -0.0910835, -0.428951
-0.793646, 0.593262, 0.0526674
-0.634217, -0.113146, -0.74184
-0.584569, -0.608962, -0.512037
0.804557, -0.420383, 0.446633
-0.728628, -0.559952, 0.307915
0.419956, 0.582489, -0.706238
-0.245176, 0.9404, 0.209627
0.713773, -0.61315, 0.364323
-0.547611, 0.813103, -0.136746
0.130575, -0.932158, 0.292544
0.363158, -0.629574, 0.654296
0.881808, 0.535441, 0.0377797
0.188417, -0.349841, -0.886974
-0.698316, 0.0911009, 0.655737
0.573878, -0.395117, -0.790643
-0.955412, 0.0804357, -0.292767
0.9444, 0.211372, -0.0430012
0.709944, 0.292856, 0.650611
-0.248028, -0.90331, -0.298185
0.625767, 0.763691, 0.162446
-0.262433, 0.89755, -0.281413
-0.58619, 0.294866, 0.761627
-0.035819, 0.766104, -0.603561
-0.257029, 0.101192, 0.97286
0.23078, 0.405503, 0.795122
-0.739487, -0.761127, 0.0611961
0.554766, -0.132025, -0.790782
-0.278657, -0.667661, 0.686061
0.828864, -0.603049, 0.145467
-0.213965, -0.921083, -0.226852
-0.195586, -0.22329, 0.957913
-0.289833, 0.564976, 0.762215
0.078736, -0.953217, -0.365311
-0.91571, -0.445641, 0.200214
-0.595835, -0.760849, 0.110695
0.504045, -0.152165, 0.844948
0.541161, -0.758812, 0.423744
0.0363874, 0.800144, -0.542542
0.261139, 0.977481, -0.0400195
-0.472826, -0.36383, 0.834405
0.876797, 0.422914, 0.13328
-0.913626, -0.347189, 0.317208
0.187804, -0.962739, 0.0708794
-0.0272551, 0.965321, 0.26981
-0.679057, -0.302056, 0.68899
0.842138, -0.195935, -0.555451
0.95019, 0.320815, 0.0360912
-0.5768, 0.722353, -0.417786
0.210606, 0.589878, 0.74532
0.632505, 0.531558, 0.485619
-0.961772, -0.145961, 0.166122
0.385782, 0.0689234, 0.8902
-0.48201, 0.386218, 0.745556
0.249013, 0.169543, 0.945281
0.351566, -0.903349, 0.330643
0.445594, -0.261862, 0.795075
-0.294054, -0.550313, 0.818142
-0.475653, 0.934921, 0.0469462
0.688224, -0.27868, -0.653259
-0.467157, 0.82185, -0.227224
-0.254609, 0.885577, 0.45192
1.01652, -0.298437, -0.0895316
-0.503656, 0.237713, -0.881177
-0.948643, 0.311702, 0.0605522
-0.0100963, 0.902781, 0.315197
0.509154, -0.517936, -0.677439
0.280411, 0.354985, 0.841283
-0.479691, -0.869528, -0.0984808
-0.415765, 0.88395, -0.0783304
1.01493, -0.150052, 0.182644
-0.606762, 0.156028, -0.74605
-0.0969952, 0.43752, 0.875679
0.820281, 0.273025, 0.549633
0.578659, -0.123644, 0.823378
-0.797112, 0.0636828, 0.594156
-0.439037, 0.276364, 0.845256
-0.270632, -0.163661, 0.932304
-0.12913, -0.633907, 0.77016
-0.245731, -0.829409, -0.447096
0.899693, -0.000476033, 0.253919
-0.228582, -0.368929, 0.871118
-0.210936, 0.944811, -0.140719
-0.718334, -0.502376, 0.47164
0.00953545, 0.121753, -0.989786
0.946167, -0.162213, 0.172554
0.51975, -0.293814, -0.83326
0.199001, -0.0834003, 0.986957
0.304324, -0.33109, 0.905602
-0.464354, 0.66902, -0.565574
0.723574, 0.477191, -0.511895
-1.02583, 0.0575307, 0.124064
-0.311821, 0.517677, 0.735863
0.35899, 0.814255, -0.481866
-0.328448, -0.922096, 0.0426497
0.367242, 0.918792, 0.231887
-0.523492, 0.858069, 0.051538
-0.0964385, -0.759265, 0.603743
0.879968, 0.137047, -0.452761
0.0308294, 0.713946, -0.71839
-0.821827, -0.480474, -0.273416
-0.560523, 0.10606, 0.779648
0.755524, 0.041632, 0.710268
-0.613015, -0.302278, 0.763665
-0.715906, 0.179406, -0.638964
0.08067, 0.834196, 0.596082
0.0543676, 0.299794, 0.930849
-0.273033, 0.65388, -0.663784
0.320489, 0.894321, -0.161841
0.918818, -0.117468, -0.417628
-0.388845, 0.854727, 0.314281
0.151016, 0.96792, 0.113264
-0.60791, -0.20287, 0.750117
-0.368999, -0.597548, -0.741807
-0.90766, 0.405076, 0.0357293
-0.723248, 0.30963, -0.550805
0.346095, -0.750699, 0.529151
0.597193, 0.678799, -0.258669
0.636752, -0.612267, -0.436078
-0.379813, -0.797338, -0.458799
-0.306671, -0.0166791, -0.936299
-0.940061, -0.109348, 0.213112
-0.752502, 0.465221, 0.458727
-0.379909, 0.721349, 0.496669
0.992501, -0.0825836, -0.110633
0.832704, 0.134662, 0.438875
0.129224, -0.839698, -0.622567
-0.267616, 0.957775, 0.157524
-0.35783, 0.63789, -0.594507
-0.81258, 0.195719, 0.513061
0.758358, -0.614398, -0.142963
0.946906, -0.0222811, -0.287576
-0.00732369, 0.725923, 0.642925
-0.0612661, 0.611131, 0.797492
-0.0647857, -0.868074, 0.520955
0.274366, -0.298549, -0.952656
0.587764, -0.114001, -0.737151
-0.721604, -0.562768, -0.452955
-0.216151, -0.599955, -0.755991
0.351617, 0.844579, 0.404657
0.0860878, -0.508753, -0.822635
0.717917, -0.219574, -0.645991
0.446333, -0.816516, 0.415403
-0.255617, -0.528046, 0.741415
-0.457316, 0.0530052, 0.866256
0.1813, -0.0293609, -0.935629
-0.934874, 0.0151993, 0.373276
-1.01942, 0.134442, 0.0392677
-0.925588, -0.208191, 0.0795436
-0.897884, 0.438744, 0.150786
-0.0308416, 0.417856, 0.886634
0.0870056, -0.718695, -0.67556
0.275738, 0.507553, 0.78743
0.651629, 0.646633, -0.36051
0.770262, -0.607816, -0.262087
-0.963432, 0.0274185, -0.410313
-0.354643, -0.0011374, -0.926706
-0.127388, 0.93177, 0.163349
0.372418, -0.944609, 0.348119
-0.531138, 0.797169, -0.25661
-0.3588, 0.879662, -0.116464
-0.83789, 0.392119, -0.332278
0.110255, 0.937814, -0.244945
0.536039, 0.690854, -0.462213
0.924953, 0.354232, -0.0845843
0.838986, 0.345778, -0.431422
0.00268084, 0.125799, 0.984623
-0.718791, 0.00344034, -0.635192
-0.639151, -0.594745, 0.485233
0.635665, -0.532444, 0.579675
-0.823337, -0.606105, 0.0430354
0.0544412, -0.317135, -0.945853
0.693403, -0.653289, -0.163311
0.923801, 0.317802, -0.12569
-0.966335, -0.13611, 0.260779
0.971506, 0.298688, -0.180008
-0.720362, -0.649343, -0.0565528
-0.14678, -0.623027, -0.733667
0.0995843, 0.74121, -0.657991
-0.51288, -0.34362, 0.768122
-0.171052, 0.676255, -0.724082
0.579491, -0.72396, -0.380759
-0.423341, -0.210183, -0.844214
1.00377, 0.0268176, -0.0960614
-0.217545, -0.61289, -0.723484
-0.333026, -0.116548, 1.0051
-0.636684, 0.133287, -0.755173
-0.0955541, -0.964141, -0.0828245
-0.705982, 0.50557, 0.476302
-0.176323, -0.972969, 0.0816464
0.0431022, 0.0998728, -0.992644
0.322466, -0.830685, -0.384898
0.848666, 0.459201, -0.0667672
0.647161, 0.021464, 0.735832
0.649655, 0.694758, 0.243832
0.368883, 0.107931, -0.893208
-0.0496901, 0.000506533, 0.983035
0.713314, -0.57867, -0.370705
-0.870958, -0.473275, 0.317789
-0.651738, 0.632553, 0.399244
-0.729625, 0.382649, 0.635805
-0.184708, 0.622786, 0.765009
-0.0329811, -0.563064, 0.838059
0.713095, 0.528989, -0.490981
-0.489004, -0.39447, -0.725522
-0.949599, 0.0285192, 0.341106
-0.154459, -0.895013, 0.431318
-0.486896, 0.898329, -0.0761365
-0.751813, 0.608466, 0.304134
-0.90561, 0.113747, 0.42442
0.622732, -0.617819, 0.4903
-0.588611, -0.403831, 0.731222
-0.962748, 0.0284841, -0.307478
0.498499, 0.565454, -0.654876
1.01047, 0.0647112, 0.110451
0.459792, 0.745162, -0.400905
-0.750466, 0.729212, 0.15428
0.536587, 0.248073, -0.840704
-0.479555, 0.737313, -0.268829
-0.49529, 0.870541, -0.0684918
0.845726, 0.490183, -0.111287
-0.00885333, 0.726874, 0.67859
0.381238, -0.131379, 0.942521
-0.532498, -0.396332, -0.708931
0.00676506, 0.0185501, -0.948332
-0.831194, 0.543553, -0.293429
0.0162183, 0.99447, 0.167088
-0.101919, -0.558915, 0.764536
0.0526654, 0.810552, -0.551565
-0.227483, 0.872472, 0.468161
-0.227355, 0.889694, 0.398414
-0.202365, 0.905668, -0.179385
0.698142, 0.699303, 0.0907916
-0.607517, 0.528708, 0.579302
-0.990441, 0.112862, -0.0433238
0.475526, 0.808679, -0.204509
-0.382439, 0.989479, 0.213779
0.773955, -0.220327, -0.606608
0.17591, -0.464791, 0.86867
0.560144, -0.84691, -0.270612
-1.01201, -0.0163597, 0.0356698
0.806479, 0.22847, 0.493615
-0.222624, -0.664935, -0.694596
0.72909, -0.144621, -0.673562
0.831427, 0.211535, -0.494075
0.315163, -0.357358, 0.952704
0.385473, 0.677222, -0.772546
-0.797166, -0.1006, 0.618408
-0.610696, 0.507084, -0.609591
-0.649555, 0.371104, -0.667317
-0.353363, 0.912013, 0.186031
0.912974, 0.434425, 0.0626144
0.727968, -0.631006, 0.411164
-0.577699, -0.660204, 0.565111
-0.762825, -0.664861, -0.0271033
0.169031, 0.823392, -0.694679
0.671604, -0.0788454, 0.789247
-0.145969, -0.2623, -0.951729
-0.546153, -0.703401, -0.379005
-0.817233, -0.513148, -0.381452
-0.238754, 0.895539, -0.260544
0.0266415, -0.964235, -0.34816
-0.786494, 0.0850032, -0.565979
-0.0840666, -0.976445, -0.360296
0.950404, 0.134646, 0.128127
0.317763, -0.878195, -0.328483
-0.954134, 0.00210659, 0.136724
0.928492, 0.0905712, 0.0210041
-0.416612, -0.405158, 0.774594
-0.708074, -0.553619, 0.404607
0.689128, 0.373981, -0.671342
-0.668694, 0.497535, -0.515765
-0.380898, 0.0272708, -0.963838
0.232214, -0.939125, 0.206856
-0.418351, 0.376235, 0.832571
-0.236336, 0.111703, -0.940284
0.814151, -0.351599, -0.442037
0.34942, -0.755129, 0.528173
-0.895162, -0.459063, 0.161418
-0.436625, 0.87741, -0.220606
0.659037, -0.759069, -0.150156
-0.933845, -0.24741, 0.220499
0.757136, 0.648209, -0.210861
0.950136, -0.123564, -0.387674
0.427591, -0.528596, 0.671837
0.0266176, -0.685658, -0.702759
0.167822, -0.834474, -0.409883
-0.597256, 0.0625552, -0.814988
-0.595344, 0.3334, 0.728487
0.0294632, -0.52958, 0.889683
-0.465767, 0.08471, 0.86222
0.324093, -0.608291, 0.725168
0.702851, 0.169931, -0.703097
0.565269, 0.579537, 0.517969
0.775116, 0.240118, 0.660778
0.201743, 0.654575, 0.80753
-0.799294, 0.401582, -0.418712
-0.6763, -0.322613, 0.68697
-0.14194, 0.914728, 0.367082
-0.681569, 0.708223, 0.264989
-0.341726, -0.932189, -0.0669795
0.191824, 0.62757, -0.722534
0.00151837, -0.247039, 0.981184
0.654494, -0.716168, 0.132204
-0.75648, -0.188379, -0.646118
0.358961, -0.561415, 0.784139
0.481179, -0.834062, 0.397664
0.374312, -0.920288, 0.115881
0.332454, -0.775335, 0.462664
-0.00207481, -1.03371, -0.120097
-0.391307, -0.675592, 0.566277
-0.293424, 0.49923, 0.849849
-0.741634, 0.593849, -0.490572
0.842304, -0.28429, -0.572051
0.496188, 0.734648, 0.436202
-0.472164, 0.789875, -0.402351
-0.889828, 0.406403, -0.268322
0.394535, -0.790896, 0.502672
-0.740689, -0.528401, -0.319761
-0.481089, 0.0822878, 0.880355
-0.712135, -0.0243879, 0.701882
-0.823229, -0.232921, 0.560373
0.0935322, -0.806406, -0.531328
-0.488704, -0.831735, 0.20029
0.75297, -0.046776, 0.656447
-0.373553, 0.931124, -0.127561
0.106101, -0.474567, 0.798795
0.618438, -0.553237, 0.589917
-0.0867622, -0.987362, -0.281232
0.394859, -0.177976, -0.875107
-0.693321, -0.069171, 0.77315
-0.703483, -0.617333, 0.414147
0.71143, -0.165046, -0.672051
-0.852145, 0.393306, 0.0338594
-0.324961, 0.969937, -0.18861
-0.00845753, -0.948791, 0.316465
0.478373, -0.600563, 0.674855
0.678501, 0.685216, 0.228246
0.288934, -0.675832, 0.720211
0.374289, -0.652599, 0.58805
0.890097, 0.107184, 0.424907
-0.438874, 0.973361, 0.0240539
-0.814526, 0.341826, 0.435122
0.717839, -0.0630537, 0.694114
0.993064, 0.0813638, -0.233619
-0.990993, -0.062787, 0.113827
0.666354, -0.766489, 0.0392188
-0.500538, 0.354542, 0.791046
-0.0944332, -1.0244, 0.151262
-0.953596, 0.158797, 0.173772
-1.04223, 0.114976, -0.209202
-0.710382, 0.666945, 0.372564
-1.00613, 0.292618, -0.00535855
0.750317, 0.24221, -0.67786
0.340912, -0.587387, -0.755404
-0.719854, -0.352827, 0.554429
0.772795, -0.523033, -0.304865
-0.419569, 0.531913, -0.818281
0.206312, -0.209982, 0.946725
-0.667381, 0.696594, 0.171471
0.879569, -0.58244, -0.226903
-0.867408, -0.475644, -0.149121
-0.550732, 0.262084, -0.791113
-0.917152, 0.399931, 0.208095
-0.482607, -0.89258, 0.183474
0.277115, -0.694388, -0.693555
0.783349, 0.519164, 0.390768
0.917337, 0.365591, -0.221725
-0.349487, -0.94422, -0.0318877
-0.0185274, -0.931214, -0.318042
-0.821112, -0.381615, 0.453608
0.176037, 0.930886, -0.145297
0.936906, 0.264563, 0.254389
-0.435251, 0.843428, -0.102444
0.180364, -0.214916, 0.97151
0.140275, -0.0215331, -0.936524
-0.480867, 0.857138, -0.052789
0.231024, 0.183251, -1.03142
0.641966, -0.160146, -0.680718
0.953702, 0.0378343, 0.253967
-0.560179, 0.257903, 0.796158
0.519375, -0.757467, 0.351861
0.104287, 0.851602, -0.564404
-0.678859, -0.106408, -0.750805
-0.260379, -0.853305, 0.529904
-0.557277, -0.735095, 0.384879
-0.732247, -0.210133, 0.573241
-0.788048, 0.548363, 0.274346
0.191628, -0.365229, 0.872563
0.125645, -0.608303, 0.886104
-0.507323, -0.661599, -0.623811
-0.882035, -0.376194, 0.412193
-0.687656, 0.491789, -0.576272
-0.0270053, -0.771751, -0.637764
-0.605822, -0.226473, 0.724958
-0.878464, -0.51006, -0.0195182
-0.823679, -0.521568, -0.282312
-0.524281, -0.609536, 0.549202
0.098537, -0.813595, -0.602579
-0.575574, 0.796324, 0.148183
-0.632816, -0.101853, -0.768741
-0.301774, -0.662464, 0.716059
0.073723, 0.954953, 0.254264
0.641878, -0.453165, 0.586201
0.134101, 0.798288, 0.449475
0.3325, -0.950866, -0.146701
0.943397, -0.176434, 0.10811
0.712529, 0.117906, 0.716419
0.00328093, 0.50999, -0.874918
0.733482, 0.548983, -0.517691
-0.962333, -0.275277, 0.15649
0.686561, 0.7055, -0.184807
0.31712, -0.094698, 0.963827
0.912263, -0.187509, 0.270738
-0.919069, 0.0576146, -0.31335
-0.219065, 0.220042, 0.930888
-0.0259319, 0.133564, 0.912584
-0.359293, 0.387164, -0.815596
0.38686, -0.939443, 0.129785
-0.762013, 0.357345, -0.487086
-0.925718, -0.0274118, -0.463139
-0.450446, -0.614955, 0.63583
0.902734, 0.172315, -0.339404
0.648261, 0.491959, -0.585167
-0.547074, -0.481555, -0.73599
-0.286155, 0.783821, 0.5998
-0.17634, 0.489611, -0.860535
0.0438461, 0.94744, 0.073627
0.883607, -0.00111397, 0.48014
0.314752, -0.199292, -0.931106
-0.229891, -0.900924, 0.244367
-0.454902, 0.828238, -0.144419
0.75115, -0.334443, -0.527375
0.382312, 0.597849, 0.684992
0.308972, -0.252973, 0.885087
0.36601, 0.573311, -0.670018
-0.176004, -0.961755, 0.269291
-0.216197, -0.993229, -0.182737
-0.569187, 0.156564, -0.826738
0.951499, -0.193483, -0.223651
0.520823, 0.220184, -0.846222
-0.789244, -0.195461, 0.511948
-0.0456964, -0.536813, -0.871411
0.877254, -0.0890832, -0.506763
0.48466, 0.244787, 0.816855
-0.328213, 0.740408, 0.575075
-0.347555, -0.255449, 0.90072
0.0447072, -0.783583, -0.60653
-0.822784, -0.455241, 0.256776
-0.517356, 0.243971, 0.799351
-0.00937468, -0.656762, -0.788843
-0.18669, -0.441494, -0.853662
-0.104758, 0.343513, -0.99204
-0.621212, -0.272257, 0.688769
-0.956374, -0.210207, -0.287259
-0.765622, 0.682005, 0.193203
0.829827, -0.409083, -0.454206
-0.615656, 0.803742, 0.128806
-0.704444, -0.249948, -0.66073
0.960888, -0.331716, 0.122447
-0.296471, 0.775739, -0.551096
0.212341, 0.829795, -0.505033
0.771445, 0.495618, -0.347808
-0.721686, -0.31741, -0.598315
-0.583395, 0.402312, 0.72045
0.748547, -0.613706, -0.24878
0.101438, -0.470702, 0.917092
-0.938894, -0.196328, -0.231151
0.388485, -0.570104, 0.716139
-0.571147, 0.595434, 0.545398
0.360653, 0.892053, -0.307209
-0.309983, 0.907539, -0.00967031
0.766374, 0.0675299, 0.568851
-0.907263, 0.312586, -0.11345
0.492239, -0.779852, 0.381565
0.682594, -0.775461, 0.0418906
-0.669599, -0.0307712, 0.751883
-0.444219, 0.622683, -0.668713
-0.159009, -0.77333, -0.625849
-0.451726, 0.841263, 0.294776
-0.327495, -0.497517, 0.827798
-0.859679, 0.00101681, -0.606034
0.177186, -0.605649, -0.73758
0.383717, 0.0625127, 0.888527
-0.850509, -0.421205, 0.296856
0.892603, -0.0807255, 0.407754
-0.506348, 0.575292, 0.629706
0.502651, -0.554841, 0.544333
0.733409, 0.283513, 0.646287
0.964003, -0.376383, -0.228741
0.731384, 0.605374, 0.213199
-0.57477, -0.742828, -0.374925
0.555666, -0.664437, -0.564544
0.41886, 0.256345, 0.887054
0.0689286, -0.42207, -0.894897
-0.564485, -0.274021, 0.773725
-0.689817, 0.541986, 0.464399
-0.332555, -0.943595, 0.0929583
-0.0988681, -0.593786, 0.806927
-0.417185, -0.657008, -0.516629
-0.835553, -0.521406, -0.0842306
-0.980611, -0.0089486, -0.248325
-0.257572, -0.69556, 0.692862
-0.235118, 0.0158954, -0.97223
-0.603199, -0.512126, -0.652827
-0.497245, -0.0586324, -0.913954
0.175231, 0.784218, -0.533243
-0.220266, -0.859746, -0.44707
0.707374, -0.0875512, 0.667524
0.442902, 0.717196, 0.520232
-0.0689771, 0.815145, 0.452907
-0.425577, -0.441378, 0.817138
0.71728, 0.293781, 0.661745
-0.529221, -0.862134, 0.0702825
0.616161, -0.60637, -0.515043
-0.513556, 0.592561, -0.599674
0.765895, -0.523723, 0.534747
-0.33582, -0.913977, 0.165894
-0.341515, 0.330762, -0.893468
0.683123, 0.347548, -0.647087
-0.866631, 0.0320099, 0.461999
0.732518, 0.489626, -0.461665
-0.987756, -0.164522, -0.0650691
0.171908, 0.429224, 0.929491
1.02897, 0.0303601, 0.194909
-0.00626339, -0.866158, 0.490049
-0.305085, -0.293719, 0.914966
0.176848, -0.820784, 0.552736
0.960889, -0.0525597, 0.205745
0.740878, 0.246303, 0.675067
-0.490928, -0.334235, 0.812304
0.0859273, -0.509192, -0.88942
0.641797, -0.558701, -0.528023
-0.761376, 0.146398, 0.578342
0.177708, 0.845784, 0.452114
0.32495, -0.856998, 0.358793
0.833455, -0.566342, 0.091717
0.24171, 0.146927, 0.943301
0.71542, 0.649222, 0.222517
0.534388, 0.897516, -0.130975
-0.631195, 0.73944, -0.230774
-0.910137, 0.215307, 0.0205301
0.169749, -0.633715, 0.727608
-0.858809, -0.500617, 0.297607
-0.416992, 0.848528, -0.407159
-0.699624, 0.642086, -0.332486
-0.317689, 0.390547, 0.871618
-0.0253838, 0.913722, -0.391473
-0.386783, 0.892773, 0.148967
0.964675, 0.387511, -0.084049
0.696589, 0.458565, 0.642151
-0.0642019, 0.928758, -0.402166
-0.344575, -0.868183, 0.348079
-0.317369, -0.965395, 0.0392896
-0.524446, 0.054022, -0.860602
0.769423, 0.514481, -0.371305
-0.284115, -0.0112223, -1.00746
-0.426916, -0.934244, 0.0733516
-0.829064, -0.352871, 0.478949
-0.237776, -0.196333, -0.952711
0.348919, -0.675004, -0.632894
-0.308559, 0.316593, 0.895991
-0.761605, 0.400922, -0.473872
-0.203218, 0.259821, 0.940887
-0.416908, 0.237572, 0.858881
-0.238924, 0.270033, -0.938411
0.915849, 0.334946, 0.37961
0.664082, 0.231841, 0.680555
0.331292, -0.936679, 0.0843991
0.953055, 0.291574, -0.124781
0.956871, 0.282556, -0.241019
0.490852, -0.169065, -0.857177
-0.538214, -0.864866, -0.146993
-0.78572, 0.480885, 0.400162
0.875208, -0.389106, -0.348401
0.736877, 0.145094, 0.700856
0.622545, 0.70187, -0.36922
0.0976514, -0.611664, 0.76096
-0.709538, -0.335478, 0.545881
-0.37793, -0.931707, -0.125157
-0.857419, 0.347921, 0.506307
-0.117532, 0.239401, -0.952141
-0.206078, 0.755607, 0.640132
0.363657, -0.816278, 0.439442
0.135179, 0.947274, 0.218081
0.912924, -0.148598, -0.322052
0.869177, -0.470558, -0.187873
-0.12268, 0.107324, -0.959232
-0.577296, 0.642112, -0.525059
-0.176411, -0.5695, 0.789169
0.294439, -0.60525, 0.773603
0.0684032, 0.9611, -0.0443069
0.464022, -0.380337, -0.811676
-0.638159, 0.707855, 0.460598
0.527256, 0.774291, 0.387003
-0.906095, 0.474299, -0.107703
-0.112262, -0.680617, 0.675754
-0.261686, -0.804539, -0.419092
0.44254, -0.262128, -0.899096
0.571236, -0.167717, -0.778948
0.552342, -0.316096, 0.778226
0.0944382, -0.959105, -0.232708
-0.0791204, -0.650585, -0.751277
-0.118802, -0.410495, -0.931015
-0.443039, -0.680984, -0.533024
0.841191, 0.150503, 0.619535
0.408081, -0.850579, 0.175311
-0.132393, 0.239756, 0.987106
0.192132, -0.448241, 0.858081
-0.855291, 0.511589, -0.0811851
0.160891, -0.986814, 0.289458
-0.0739288, -0.634697, -0.703687
-0.868655, -0.465438, 0.227063
0.875884, -0.445293, -0.10014
0.132274, 0.0173324, -0.981153
-0.363581, -0.42133, 0.769374
-0.660905, -0.769096, 0.121865
0.694949, 0.548199, 0.486313
-0.211265, -0.249966, 0.947861
-0.639868, 0.733527, 0.307559
0.0048667, -0.328608, 0.946261
0.518064, 0.508968, 0.600248
0.902583, -0.234447, 0.372434
-0.843956, -0.457929, -0.0424398
0.716957, -0.135962, -0.688516
-0.58289, 0.613152, -0.619214
0.652758, 0.290804, -0.723749
-0.316288, -0.265127, -0.905293
0.320586, -0.910306, 0.127776
-0.0702073, -0.459444, -0.869189
-0.17344, -0.721224, 0.591783
-0.462912, -0.170304, -0.81508
0.881584, 0.278738, 0.311398
0.67561, 0.490605, 0.599037
0.526624, 0.756367, -0.383068
-0.0432304, -0.0830367, 0.965306
0.570347, 0.0583118, 0.817922
0.599089, -0.722574, 0.376567
-0.76556, -0.570704, -0.0246519
-0.53909, 0.603754, 0.566561
-0.907393, 0.233072, 0.138353
-0.614261, 0.642305, -0.443342
-0.0505504, 0.510025, 0.864037
-0.365621, -0.845683, 0.492827
0.719349, 0.33031, -0.586432
0.875315, -0.105239, -0.345751
-0.47598, -0.0334762, 0.852972
-1.03249, -0.109574, 0.0890203
-0.186093, 0.836479, 0.473076
-0.974708, -0.0127008, -0.286599
-0.141501, 0.293531, 0.892768
0.0775562, -0.647444, -0.777257
-0.534754, -0.424436, -0.725442
-0.478456, -0.87896, -0.00574836
0.449596, 0.388063, 0.787219
-0.763299, 0.44195, 0.516986
0.851748, -0.335133, -0.205952
0.55699, 0.542214, -0.570089
-0.880869, 0.413005, 0.235948
-0.251102, -0.115195, -1.00345
0.187757, 0.64135, -0.722711
0.613067, 0.702892, 0.420082
0.531106, 0.286924, -0.745444
-0.062765, 0.921741, 0.42107
-0.877262, 0.292934, 0.363717
-0.593495, 0.334045, -0.77359
0.996191, -0.0361667, -0.170712
0.152671, -0.551222, 0.772703
0.618929, -0.74436, -0.228214
0.378815, -0.370966, -0.85436
-0.142044, -0.477411, 0.862793
-0.477765, 0.771132, 0.386065
-0.800771, -0.418324, 0.492201
-0.423979, -0.134423, -0.840907
-0.165104, -0.30975, 0.851669
0.977505, 0.360783, 0.0736381
-0.85221, -0.455958, -0.225949
-0.0791246, 0.139832, 0.98075
0.49503, 0.103807, 0.883654
0.866128, 0.174277, 0.413952
0.65056, -0.233878, 0.714597
0.285516, 0.25569, -0.911912
-0.417017, 0.627164, 0.713925
0.466484, -0.586126, -0.67911
-0.277826, 0.821781, -0.532565
0.824068, -0.10206, -0.637824
0.626883, -0.738889, 0.0855344
-0.605552, 0.696642, -0.419875
0.918976, -0.0245522, -0.429956
0.76378, 0.335225, 0.50381
0.490491, 0.797142, 0.293364
-0.950365, 0.406229, 0.0830901
0.89809, -0.27899, -0.399619
-0.464132, -0.544378, -0.667693
0.158145, 0.731863, -0.590134
-0.486304, -0.532085, 0.638206
-0.175815, -0.154889, -0.93561
-1.00223, 0.125853, 0.153278
-0.332583, -0.969752, -0.0585807
0.690844, 0.610328, 0.48194
-0.750224, 0.521068, 0.433145
-0.192942, 1.0245, -0.0475616
0.341406, -0.881947, 0.197639
-0.796152, 0.0691227, 0.547309
0.949581, -0.166571, -0.274395
-0.460681, 0.652139, 0.587584
0.517755, -0.115372, 0.852136
0.71706, -0.638617, -0.180431
-0.507094, 0.109538, -0.931873
-0.797174, 0.30102, -0.49981
-0.171355, 0.564283, 0.84935
0.0477315, 0.836236, -0.533721
-0.538812, -0.361672, 0.760104
0.62745, 0.763509, -0.232756
0.244029, -0.640975, -0.744317
0.560461, 0.665434, -0.546591
0.389455, -0.975966, -0.144263
-0.951638, 0.360622, -0.0906866
0.988776, 0.223788, 0.0774141
0.546215, 0.775781, -0.300174
-0.335288, -0.914256, 0.0570413
-0.866994, -0.381493, -0.0828619
-0.096623, -1.01392, -0.224636
-0.51323, -0.833831, -0.00712606
0.350287, -0.921704, 0.0291295
-0.264373, -0.40257, 0.861249
0.00790262, -0.0123748, 0.986996
0.334352, -0.857121, -0.412429
-0.918355, 0.424621, 0.12884
0.451855, -0.852315, -0.132526
0.96075, 0.0632765, -0.0783113
0.0414226, -0.444651, -0.908441
0.790987, 0.580747, -0.147548
0.187696, -0.997217, 0.0288665
1.00487, 0.13752, -0.1361
0.180876, 0.570479, -0.813764
0.272714, 0.693428, 0.600342
0.32116, 0.307542, 0.918735
0.709855, 0.546796, 0.249805
0.560727, -0.0498244, 0.79304
-0.712044, -0.645479, -0.225278
-0.99873, -0.336209, -0.208856
0.249983, 0.853085, -0.241315
-0.640931, -0.697549, -0.30181
0.6369, 0.746201, 0.248904
0.299521, -0.685462, 0.627892
-0.325199, 0.612476, -0.737232
-0.528509, 0.227494, 0.800288
0.843227, 0.308934, -0.459484
0.390653, -0.269429, 0.924419
0.547005, 0.806987, -0.00974182
0.137777, -0.466181, 0.847119
0.233696, 0.884315, 0.149677
0.133257, 0.857421, -0.502598
-0.890654, -0.114409, -0.52879
-0.555622, 0.772043, 0.0954267
-0.335207, 0.9502, 0.140127
-0.501229, 0.775034, 0.468762
0.770854, 0.535605, -0.308194
-0.680001, -0.685541, 0.383783
-0.266755, -0.969249, -0.344644
-0.280045, -0.485209, -0.837765
0.0849912, -0.883971, -0.437193
0.636374, 0.419983, -0.674249
0.763506, -0.409594, -0.482647
0.571106, 0.0905395, -0.880805
-0.559647, 0.392131, 0.832331
0.576785, -0.904899, 0.206179
-0.316718, 0.869783, -0.325092
-0.584564, -0.747963, -0.254657
-0.332558, -0.937399, -0.247792
0.497061, 0.86349, -0.246176
-0.735304, 0.0770769, -0.656806
0.945583, 0.0270065, -0.323922
-0.0799514, -0.700425, -0.767286
-0.646975, 0.666856, 0.328983
0.322374, 0.794231, -0.294959
-0.263326, -0.788552, -0.525743
-0.621216, 0.774235, -0.0943924
0.705443, 0.17039, 0.729624
-0.617161, 0.644529, -0.534552
-0.525038, -0.905509, -0.163809
0.420802, 0.318218, 0.876426
0.293105, 0.684223, 0.695431
0.0367292, -0.78412, -0.555773
0.872424, 0.438707, -0.313957
0.299367, 0.626641, -0.677847
-0.123861, 0.667481, -0.761426
-0.407801, -0.804481, -0.475128
-0.260932, 0.545479, 0.748407
0.407399, -0.87316, 0.255799
0.903361, -0.415001, -0.122948
0.557911, -0.900031, 0.156317
-0.476716, -0.787772, -0.438525
0.421398, -0.927009, 0.0586329
-0.213128, -0.621304, 0.803189
-0.421875, 0.73476, 0.502141
0.434739, 0.147565, -0.875413
0.788101, 0.479832, -0.222566
-0.65735, -0.605639, -0.562249
-0.653387, -0.647641, 0.29159
0.126411, 0.593833, -0.838073
0.691954, 0.179779, 0.723532
-0.925686, 0.128113, -0.224869
0.142136, -0.474751, -0.857511
-0.468428, -0.80462, -0.489001
0.252365, 0.726245, -0.538326
-0.344363, -0.590999, -0.697278
0.936481, 0.113599, 0.405882
0.292642, 0.971876, -0.123585
0.970621, -0.273683, 0.0546046
0.866448, -0.127959, 0.47274
0.210992, 0.19844, 0.937559
0.36341, -0.912476, -0.336598
0.807575, -0.137307, -0.570969
0.0461311, -0.879426, 0.519703
-0.664188, 0.393571, -0.712937
-0.857215, -0.474014, 0.0124287
0.617782, -0.710841, 0.406283
0.231975, 0.371987, -0.90995
-0.792404, 0.363088, 0.415408
1.00447, 0.190355, 0.029181
0.620177, -0.805312, 0.0653934
0.0264133, -0.960184, 0.274103
0.371673, -0.941397, 0.164189
-0.218902, 0.758177, -0.616057
-0.0356956, -0.271868, -0.970245
-0.462447, -0.602087, 0.542003
0.473842, 0.859589, 0.0104811
-0.737788, -0.365868, 0.586865
0.0169299, 0.95966, 0.159436
-0.390828, -0.158676, -0.934954
0.271956, 0.915108, -0.425317
0.99255, -0.021312, 0.27372
0.962264, -0.02074, -0.289456
0.038623, 0.179694, -0.973987
0.19768, 0.733465, 0.567992
0.862345, 0.283754, -0.334748
0.949096, 0.033232, -0.331999
-0.592492, 0.824736, 0.245261
1.00041, -0.142938, 0.130417
0.163854, 0.945263, 0.106491
-0.146494, 0.435689, 0.873161
0.17921, -0.924953, -0.362198
0.346964, 0.54667, 0.794055
-0.243101, -0.714445, 0.614065
-0.745632, 0.0217509, 0.705709
0.901478, -0.382318, -0.24458
0.533144, -0.888199, -0.0975387
0.514789, -0.238392, -0.839569
-0.307871, 0.580564, -0.702915
-0.878525, -0.0261808, 0.442118
0.185116, -0.733159, 0.64473
-0.133477, -0.114691, 0.991281
-0.201515, 0.221388, 0.959328
-0.0183146, 0.879781, -0.484154
-0.515734, -0.887303, -0.150506
-0.623072, -0.358143, 0.671975
-0.212027, -0.503507, 0.889994
0.592822, -0.681761, -0.372588
0.501871, 0.766185, 0.346859
-0.521566, -0.176657, 0.817097
-0.393247, -0.733377, -0.530668
-0.178015, 0.963429, -0.206574
0.283995, 0.943967, 0.292454
0.383956, 0.0862545, -0.923485
0.055767, 0.0576082, 0.98358
-0.133178, 0.0323163, 0.99444
-0.174705, 0.97082, 0.0280828
-0.903412, -0.140355, 0.413087
-0.264454, -0.659231, 0.698137
-0.837199, -0.52796, -0.128421
0.519761, -0.728761, -0.487967
-0.605791, -0.239214, -0.866922
0.598063, 0.782527, 0.302573
-0.150597, -0.711083, -0.695944
-0.72026, -0.609673, 0.407874
0.509476, -0.207723, 0.812564
0.870793, 0.134946, -0.4042
-0.150882, -0.929988, 0.344363
0.163855, 0.989632, -0.0758647
-0.899086, -0.414231, 0.373638
-0.240516, 0.668935, 0.785893
-0.815176, -0.4824, 0.215363
0.335438, -0.845735, 0.382061
0.328768, 0.770129, 0.702861
-0.439315, -0.879503, 0.0687817
-0.205166, 0.927605, -0.150407
-0.658272, -0.684167, 0.192608
-0.524943, -0.511966, -0.54904
-0.630859, -0.693703, -0.342711
-0.459372, -0.731709, -0.558463
-0.816793, -0.542839, -0.210415
-0.657158, 0.668682, 0.24478
-0.702351, 0.489091, 0.494899
-0.592589, -0.850243, -0.15446
-0.999433, 0.105619, 0.0706325
-0.194528, 0.506228, 0.855458
-0.0937501, -0.838118, 0.371674
0.389528, 0.144432, 0.932034
-0.559746, 0.0772173, 0.849319
0.923238, -0.354381, 0.121982
-0.64286, 0.559564, -0.532728
0.937762, 0.319046, -0.219103
-0.561834, -0.635001, -0.57921
0.795012, -0.566749, 0.12242
-0.346603, 0.0677395, 0.965624
-0.793765, 0.567048, -0.254783
0.4044, -0.298088, 0.874244
0.0752295, -0.962485, -0.24078
-0.731818, -0.679462, -0.140554
-0.764781, -0.560623, 0.317632
0.286129, 0.942682, 0.217999
0.347064, 0.154594, -0.89239
-0.537554, 0.125823, -0.866116
0.423804, 0.421484, 0.81684
-0.68342, 0.718748, -0.167326
0.721223, 0.650818, 0.286601
-0.728633, 0.392957, 0.495712
0.664295, 0.714538, 0.404263
0.0951459, -0.0795963, 1.02281
0.310295, -0.320219, 0.8689
-0.271883, -0.80099, -0.521371
0.678943, -0.767291, -0.052551
0.219108, -0.999204, -0.0297343
-0.188415, -0.549697, -0.817928
-0.204447, -0.599145, -0.780308
0.932849, 0.427927, 0.0484223
0.371963, 0.51982, -0.802248
-0.374252, 0.945858, 0.0786953
0.393732, 0.386413, 0.805878
-0.926948, -0.406571, -0.269857
0.743068, 0.642293, -0.0411352
0.644172, -0.688104, 0.319828
-0.173754, -0.136647, 0.918559
0.486352, -0.331277, 0.819899
-0.789693, 0.385901, -0.498517
0.580462, 0.441753, 0.711221
0.271903, -0.812672, 0.565242
-0.560756, -0.581698, 0.559952
-0.641538, 0.722959, -0.397189
0.832689, 0.396426, 0.35838
-0.493561, -0.235143, 0.816105
-0.695678, 0.664458, 0.158073
0.894433, -0.184714, 0.45413
-0.459304, 0.837431, 0.397944
0.235349, -0.530325, -0.777479
-0.713283, 0.113654, -0.568507
-0.471366, 0.182625, -0.852891
0.968218, 0.0182631, 0.114038
-0.387472, -0.674369, 0.590872
-0.81526, -0.301018, 0.491851
0.509274, -0.564825, 0.565333
0.238707, 0.435883, -0.806064
0.038017, 0.628415, -0.844224
-0.492496, -0.762204, 0.332133
0.664053, -0.700726, -0.269803
0.426755, -0.725044, -0.549004
-0.779153, -0.514503, -0.251306
-0.193965, -0.338552, -0.92638
0.617372, -0.680444, -0.382375
0.418888, 0.582833, 0.693479
0.220989, 0.995046, -0.203129
-0.283147, -0.599145, 0.73552
0.550113, -0.393733, 0.780691
0.110543, -0.982384, -0.0649142
0.671089, 0.745178, -0.0694691
0.11027, 0.927753, 0.296493
-0.8808, -0.240573, 0.349056
-0.234098, -0.454134, -0.894609
0.618329, -0.111269, -0.817733
0.572372, -0.860384, 0.00754278
-0.025619, -0.444957, 0.870371
0.267278, 0.225121, 0.932113
0.945833, 0.0590499, 0.317751
0.953185, 0.205137, 0.192858
-0.991681, -0.102893, -0.127576
-0.661881, -0.505448, 0.590557
0.31896, 0.568889, 0.724662
0.987783, 0.278906, -0.0157779
0.332299, 0.818959, -0.459913
0.229799, 0.939543, 0.179771
0.197136, 0.617559, 0.810225
-0.446127, 0.837261, 0.418423
0.450001, 0.674534, -0.620266
0.00882584, 0.409371, -0.940253
0.252669, 0.95019, -0.18949
-0.091553, -0.718797, -0.690517
0.737097, 0.462983, -0.545888
-0.357018, -0.500029, -0.737486
0.865185, -0.289598, 0.390993
-0.122598, -0.272704, -1.02433
-0.890356, 0.368384, 0.219191
0.514495, -0.783828, 0.312333
0.784117, 0.695949, 0.048229
-0.56599, -0.778788, -0.394955
-0.301742, 1.01224, 0.134245
0.270622, 0.613319, 0.774135
0.920364, 0.172103, 0.374618
0.847505, 0.30496, -0.452919
0.0554109, 0.973946, 0.365309
0.774395, 0.502084, -0.359372
-0.396927, -0.599722, -0.68965
0.382795, -0.259234, 0.888567
-0.341038, -0.877585, 0.126685
-0.408417, 0.235154, 0.881412
0.936132, 0.295913, -0.168675
0.541158, 0.622333, 0.484635
0.850433, 0.525537, 0.211551
-0.043071, -0.679682, 0.696506
0.746092, -0.451143, 0.421004
-1.04821, 0.0644793, 0.243908
-0.923223, 0.14081, -0.343752
-0.174833, -0.415887, 0.853529
0.0384678, 0.0210242, 0.963817
0.795027, -0.518461, 0.228856
-0.726888, 0.366302, -0.630485
0.373129, -0.523414, 0.671256
-0.933447, 0.319458, 0.0224759
0.98861, -0.179193, 0.158064
-0.743925, 0.43094, -0.546522
-0.284635, -0.754867, 0.624011
0.096156, 0.955926, 0.13226
0.54796, 0.804546, -0.347437
-0.148438, -0.915687, -0.367559
-0.764975, 0.41443, -0.475408
-0.0615769, -0.96457, 0.335659
0.148325, 0.13586, 0.940687
-0.694755, 0.467096, 0.62572
-0.515897, -0.855172, -0.103497
-0.363685, 0.909927, 0.114853
0.821502, 0.565805, 0.22539
0.649001, 0.211505, -0.652248
-0.511575, 0.117336, 0.868301
-0.154641, -0.144408, -1.01037
-0.665979, -0.801399, -0.0720148
0.424918, -0.234978, -0.91039
0.288578, -0.95646, -0.184092
0.619168, -0.567267, -0.533069
-0.595967, -0.327941, -0.762524
0.391793, -0.0565698, -0.92039
0.926093, -0.20288, -0.340888
-0.479148, 0.883994, 0.125604
-0.337412, 0.899061, 0.044409
0.17199, 0.685938, -0.714481
-0.763487, -0.511502, -0.309006
-0.895771, -0.319815, 0.318582
-0.432858, -0.859778, 0.125045
0.842119, -0.506001, 0.0169819
-0.362694, -0.408508, 0.832882
0.774207, 0.607913, -0.0189813
0.744629, 0.583483, 0.0215674
-0.951379, -0.213719, 0.117066
0.691626, 0.613293, -0.281705
-0.0777032, 1.03025, -0.108019
0.858714, -0.483942, 0.124687
0.931593, -0.264165, -0.31639
-0.226706, -0.494467, 0.828135
0.56002, 0.271865, -0.791671
-0.129007, -0.364867, 0.962558
-0.0820023, -0.980628, 0.109858
0.303455, 0.609712, -0.736323
0.622765, 0.482796, -0.608107
0.306121, 0.44447, 0.825149
-0.841393, 0.373162, 0.497347
-0.613777, -0.746672, 0.3123
-0.755107, 0.32402, 0.593122
-0.753855, 0.588463, -0.200745
-0.336637, 0.549105, -0.755553
-0.0614034, 0.41735, 0.869989
-0.634564, -0.330864, -0.742438
-0.0585185, 0.318235, -0.907055
-0.0519219, 0.993341, -0.152625
0.33775, 0.131344, -0.906711
-0.126485, 0.29315, -0.947529
-0.134689, 0.285833, -0.929285
0.216351, 0.955747, 0.187867
0.211459, -0.315841, 0.852459
0.240361, 0.228016, -0.907801
0.845501, -0.17759, -0.515023
0.54403, 0.809955, 0.25104
-0.837873, 0.486709, -0.0325897
-0.781957, 0.146972, 0.541851
0.501771, -0.777371, -0.288333
0.551195, 0.203928, 0.757344
-1.02462, 0.014035, 0.17509
0.605883, -0.801621, -0.244466
-0.309387, -0.298553, -0.902274
0.852716, 0.354627, -0.25134
-0.424726, -0.893626, -0.273613
-0.485019, -0.141212, 0.883958
-0.950839, -0.355212, -0.111086
0.601348, 0.0984926, -0.78916
-0.409492, -0.710765, 0.671273
-0.766475, -0.607406, 0.201004
0.709304, 0.260781, 0.660358
0.241047, 0.428077, 0.863003
-0.42766, 0.84066, -0.398171
-0.334812, -0.934583, -0.356961
-0.621845, -0.356786, -0.65575
0.47008, 0.451789, 0.779602
-0.983048, -0.0253104, 0.282139
-0.188057, -0.435347, -0.89606
0.0724616, -0.960936, 0.278537
0.376692, 0.904986, -0.263381
-0.562196, 0.591199, -0.609459
-0.766073, -0.53936, 0.21879
-0.863498, -0.525985, -0.043321
-0.927694, 0.126241, -0.316053
-0.871237, -0.413037, 0.0235993
-0.338938, 0.896625, 0.151057
0.586751, -0.725633, -0.350217
-0.0690585, 0.957724, 0.282557
-0.215632, -0.450095, -0.942516
0.126646, -0.913718, -0.442007
-0.168916, -0.948452, -0.307174
-0.200751, -0.788719, -0.589382
-0.617263, -0.140774, 0.788868
0.481303, -0.790878, -0.290742
-0.91283, -0.344208, -0.10884
0.761744, -0.0713426, 0.635101
0.887486, -0.111057, 0.337476
-0.120893, 0.81457, -0.604712
-0.905136, -0.227343, -0.361199
-0.561516, -0.254958, -0.795639
-0.405521, -0.439879, 0.815997
0.260824, 0.831081, -0.39608
-0.394899, 0.949291, -0.211425
0.183505, -0.771367, 0.635162
0.535914, -0.695776, 0.572471
0.582675, 0.734484, 0.403633
-0.435475, -0.79113, 0.467566
-0.724119, -0.15488, 0.612131
0.291325, 0.66895, -0.67177
-0.734407, 0.407755, 0.510533
-0.21274, -0.982093, 0.0705482
-0.250973, -0.925369, -0.303123
-0.917094, 0.346066, -0.16858
-0.155791, -0.775735, 0.565476
0.635818, -0.156826, 0.766227
-0.323323, 0.204712, -0.90009
-0.950327, 0.0107672, 0.188372
-0.820707, -0.333257, 0.5312
0.925935, 0.212028, -0.36107
-0.778655, -0.721425, 0.000355913
0.279678, 0.585403, 0.726302
0.93756, -0.0508645, 0.279477
-0.187543, 0.228048, -0.980095
0.530117, -0.311041, -0.786615
0.340383, 0.604008, 0.676446
-0.924312, -0.216681, -0.366518
0.0913299, -0.946801, 0.0405439
-0.245379, -0.6618, 0.738348
-0.523498, 0.0604719, 0.921451
-0.283448, 0.982244, 0.216849
-0.9402, 0.351326, 0.103736
-0.639155, 0.536234, -0.531767
0.897677, -0.309042, 0.388345
0.121671, 0.295095, 0.947895
0.826214, 0.313214, -0.393432
-0.0195823, -0.954582, 0.0625695
0.8107, 0.485038, 0.351239
0.86934, 0.0265049, 0.336127
-0.00324485, -0.806083, -0.594537
0.13455, 0.544239, -0.844995
0.650883, -0.690704, 0.278783
0.285637, -0.774288, -0.624616
-0.405592, 0.698861, 0.518135
-0.282289, -0.0358751, -0.941838
0.254891, 0.619443, -0.81522
-0.7319, 0.623125, 0.00652908
-0.389972, -0.608405, 0.738921
-0.41881, 0.804323, 0.468793
0.95156, -0.0677708, 0.0980655
-0.222387, 0.888139, 0.382946
-0.0538, -0.77737, 0.66894
0.243865, 0.946852, -0.0541121
0.932879, 0.422444, -0.195344
-0.283567, 0.499147, -0.874392
0.318432, 0.732493, -0.640567
-0.254807, -0.0417233, 0.993674
0.222974, 0.198867, -0.947978
-0.506806, 0.678564, -0.651753
1.01709, -0.16953, -0.0523964
-0.0812879, 0.640121, 0.755935
-0.167901, -0.742316, -0.653289
-0.388983, -0.660936, 0.598697
0.36716, 0.727064, 0.508157
0.666409, 0.421998, 0.656385
0.451318, -0.391258, -0.82889
0.230173, -0.631844, 0.731509
-0.473238, 0.238831, 0.825083
0.912169, -0.130393, 0.389567
-0.145821, 0.998978, -0.188753
0.392562, -0.385076, -0.844508
-0.0417777, 0.553377, -0.876513
-0.465974, -0.740909, 0.38026
-1.02999, 0.0334089, 0.21167
-0.756239, -0.136739, -0.605517
-0.224765, 0.652824, 0.686593
-0.55832, 0.722794, 0.363577
0.607327, -0.103776, -0.790992
0.482257, -0.0335303, -0.902325
0.170161, -0.11555, -0.964166
0.14786, -0.479788, 0.909293
0.56495, 0.844541, -0.140147
0.314003, 0.932145, 0.167038
-0.128418, 0.540704, -0.756791
0.429208, -0.39819, -0.787914
-0.398332, -0.875774, 0.357834
0.325845, -0.434647, 0.842376
0.522046, 0.0889645, 0.802175
1.0406, -0.049713, -0.0315039
0.928458, 0.385579, 0.26086
0.660068, 0.329604, 0.605201
-0.86722, 0.579434, -0.0895105
0.98239, -0.291804, -0.0336205
-0.528405, -0.72785, -0.440484
0.204501, 0.894616, 0.366462
-0.250915, -0.617052, 0.72203
0.362402, 0.802908, -0.43249
-0.221233, 0.425365, -0.930436
0.682778, -0.188043, 0.655769
0.687845, 0.416851, -0.591168
0.538257, 0.769803, 0.290795
0.307243, -0.06224, 0.965224
-0.745585, 0.0688508, 0.684845
0.257894, 0.920586, 0.26375
0.739678, -0.641732, -0.076581
-0.36487, 0.736443, 0.472004
0.611803, 0.499683, 0.6271
-0.163717, -0.314851, 0.978229
0.590845, -0.739626, 0.122973
-0.504104, 0.638003, -0.56515
0.186612, -0.988077, 0.0979667
0.426874, 0.539105, -0.694289
0.923698, -0.220845, 0.383482
0.841654, -0.381369, -0.123244
-0.456915, 0.257306, -0.906799
0.757653, -0.589015, -0.260572
-0.823783, 0.304344, -0.229539
0.0266979, 0.510261, -0.860932
-0.787444, 0.581642, 0.352927
-0.724294, -0.211175, -0.692543
-0.388624, -0.346785, 0.88079
0.648671, 0.139887, -0.789469
-0.77548, -0.538973, -0.293179
0.277871, 0.89899, 0.465467
-0.272481, 0.791339, 0.53008
0.246774, 0.279104, -0.884444
-0.992326, -0.0246799, 0.12868
-0.551127, -0.820362, 0.308689
-0.445552, -0.0921701, 0.902701
-0.535737, 0.319643, -0.798575
-0.177083, -0.522798, -0.801862
0.289506, 0.544834, 0.81602
-0.777885, 0.0538107, 0.520919
0.754034, -0.10892, 0.694128
0.823167, 0.375207, 0.440477
-0.560806, 0.62626, -0.451585
0.319641, -0.794761, -0.490182
-0.902126, -0.526934, 0.00150332
0.672341, -0.48605, 0.523878
0.567523, 0.46337, 0.657469
0.187052, 0.23176, -0.941012
0.627787, 0.329931, -0.705618
-0.888334, 0.568781, -0.145173
-0.57032, 0.786648, 0.380415
0.685969, 0.377301, -0.549716
0.522026, -0.842936, -0.197302
-0.684031, 0.6648, 0.151028
0.0703254, -0.613334, -0.791731
0.790031, 0.167985, -0.647326
0.12451, 0.942302, 0.35245
0.611339, 0.247758, -0.726633
-0.286945, 0.851923, -0.444948
-0.880743, 0.0729457, 0.472633
-0.144891, -0.27076, -0.944724
-0.907548, 0.396288, -0.0315957
-0.375585, 0.454387, 0.792654
-0.507764, -0.774058, 0.373702
0.27351, 0.860343, 0.382662
0.202182, -1.00779, -0.0907617
-0.0169708, 0.198216, 1.00667
-0.443497, -0.128816, 0.865912
0.957566, -0.00594538, 0.235919
-0.301192, -0.993471, 0.0437634
0.532074, 0.802278, 0.28313
-0.341248, 0.615027, 0.621393
-0.571661, -0.808396, 0.0801456
0.43436, -0.595761, 0.692177
-0.361263, 0.00867145, 0.991298
-0.589031, -0.674442, -0.444502
0.462235, 0.18627, -0.859352
-0.304074, -0.055489, -0.968184
-0.443273, -0.848454, -0.236228
0.100922, 0.935779, 0.356251
0.732325, 0.45339, 0.586773
-0.526264, 0.109153, -0.827922
-0.329734, -0.914188, 0.095008
-0.0567574, 0.0418846, -1.00584
0.883347, 0.00141577, 0.388585
0.375419, -0.487743, 0.72134
0.764972, 0.257359, -0.547184
-0.945053, 0.0841009, 0.0966579
0.0461279, -0.771517, -0.661634
-0.0276627, -0.818186, -0.576833
0.440008, 0.705833, 0.484801
0.0905792, -0.578086, 0.759261
0.938684, 0.197725, -0.233953
0.275093, -0.848749, -0.54437
0.52711, 0.782396, -0.445623
-0.705749, 0.392209, -0.483597
-0.614096, 0.50274, 0.561854
-0.969547, 0.14669, 0.0972783
0.298909, -0.802065, 0.51844
0.735968, -0.462341, -0.402501
0.886564, 0.121061, -0.459607
0.750187, 0.668687, 0.138014
0.348061, -0.900574, 0.168827
-0.339534, 0.67351, -0.725785
0.833941, 0.168791, 0.549576
-0.0535699, 0.367131, 0.919336
-0.7936, -0.659066, -0.121561
0.79673, 0.595504, 0.172316
0.891258, -0.313639, -0.400274
-1.01677, -0.0434226, -0.0181689
0.599105, -0.0721013, -0.776457
-0.740643, 0.364889, -0.585597
0.511895, -0.735184, 0.429742
-0.828033, 0.40886, -0.407179
0.0317874, 0.635038, 0.75394
-0.510372, 0.875401, -0.0388393
0.889957, -0.427335, -0.286954
-0.345438, -0.34278, -0.855496
0.992075, 0.1199, -0.14159
-0.401269, -0.823515, 0.441106
0.881652, -0.389531, -0.325217
0.0229235, -0.208703, -0.973876
-0.865034, -0.0130974, 0.503848
-0.0604884, -0.919989, 0.362872
-0.597424, -0.369693, -0.678089
-0.598019, 0.699452, 0.451317
0.304517, -0.876302, -0.323234
-0.558367, 0.795448, 0.410516
0.229786, 0.947475, 0.226666
-0.893586, 0.30655, 0.215979
0.455997, 0.574433, -0.650716
0.413361, -0.797374, 0.407454
0.642577, -0.223167, -0.686486
-0.611525, 0.753567, 0.0599554
0.623098, 0.805337, -0.106708
-0.095614, -0.528791, -0.850235
-0.954255, 0.175491, -0.265609
0.905543, -0.00516852, 0.299492
0.550136, -0.692244, -0.433976
0.652971, 0.206818, 0.704044
0.254155, 0.925282, 0.331882
0.187278, -0.279099, 0.971625
-0.953279, 0.294428, -0.0112593
-0.167888, -0.712982, -0.641251
-0.804645, 0.566618, 0.0763226
0.299249, -0.887935, 0.307982
0.258174, -0.725766, -0.677659
0.931691, -0.00120139, 0.18061
-0.281232, 0.566799, 0.772362
-0.983886, -0.0575113, 0.10563
0.37978, -0.868066, -0.186285
-0.538037, 0.440249, 0.727823
-0.31669, 0.417063, -0.855367
-0.00257208, 0.0173879, -1.03634
-0.647519, -0.759879, -0.377253
0.586456, 0.653257, 0.397708
0.407573, 0.277553, -0.875146
0.785398, 0.52336, 0.272372
-0.204452, 0.992617, 0.119412
0.410832, -0.444167, -0.803863
-0.267407, 0.886472, -0.404742
-0.475116, 0.804899, 0.357716
-1.00108, 0.0356806, 0.0447709
-0.143094, -0.387049, -0.921951
0.284593, -0.335515, 0.886241
-0.317487, 0.578092, 0.698226
-0.0828314, -0.929381, -0.157335
-0.164251, 0.94369, 0.0318064
0.721657, 0.6157, -0.029852
0.522685, -0.732907, -0.418171
-0.873283, -0.538241, -0.108955
0.051772, -0.414925, -0.903619
0.21119, 0.701993, 0.659222
0.827448, 0.593695, 0.151337
0.373365, -0.650318, 0.610385
-0.0112816, -0.932229, -0.223178
-0.303803, -0.742235, -0.582036
0.326934, 0.0289036, 0.923865
0.115914, 1.00559, 0.0608282
0.981536, 0.00662417, 0.0919624
0.416064, -0.340785, 0.794116
-0.241413, -0.152839, -0.966027
-0.697005, 0.115409, 0.704368
1.01515, 0.037098, -0.1155
0.129518, 0.88393, -0.423698
-0.103623, -0.380617, -0.866835
-0.874752, -0.438369, 0.167464
-0.207486, -0.255875, 0.945603
-0.21421, -0.621462, -0.699082
-0.0761679, 0.470456, 0.88434
-0.276257, 0.977466, 0.0100661
0.175697, 0.174866, -0.919599
-0.599095, 0.368488, 0.773929
1.00468, -0.188068, -0.203894
-0.580781, 0.75638, -0.29822
0.415346, -0.746723, 0.395459
0.640324, 0.747748, 0.115528
-0.725091, -0.68398, -0.104542
0.885408, 0.416708, -0.188031
0.55083, -0.816711, 0.0291405
-0.0386738, 1.00027, 0.240148
0.953142, 0.0275911, -0.366533
0.818388, 0.118698, -0.53796
-0.782515, 0.604255, 0.0117064
-0.0308478, 0.401908, -0.93046
-0.81589, 0.475268, -0.318149
-0.269999, -0.0374606, -0.991
0.597095, 0.570356, -0.599576
0.556798, -0.697995, 0.402318
0.0663103, -1.01777, 0.257892
0.58306, -0.753492, -0.271707
-0.862982, 0.512505, 0.077326
0.479053, 0.875165, -0.235376
0.674158, -0.484932, -0.525024
-0.0628288, 0.882033, 0.462688
0.945418, 0.25688, -0.160943
0.303, -0.479216, -0.781639
-0.462864, 0.890476, -0.0719053
-0.733401, 0.664781, -0.29035
0.336301, -0.508707, 0.823192
-0.562215, -0.767455, 0.145772
-0.895042, 0.319068, 0.386254
0.193763, 0.266085, -0.986033
-0.938738, -0.309215, 0.170564
0.771728, -0.597831, 0.140848
0.933502, 0.382781, 0.169857
0.0940598, 0.422711, 0.874663
0.0846649, 0.465317, 0.880834
-0.824963, 0.172556, -0.455332
0.33422, 0.809715, 0.423515
0.302959, 0.623783, -0.692872
0.862917, 0.471624, -0.148485
0.852376, -0.242948, -0.571992
-0.632645, -0.681617, 0.409602
0.518127, -0.382453, -0.737048
-0.0477693, 0.988551, 0.197468
0.629173, -0.501103, 0.586525
-0.250031, -0.419941, -0.87675
-0.682192, -0.650232, -0.153222
-0.97, 0.105748, -0.128117
-0.14604, -0.664829, -0.705171
-0.0443159, -0.992789, 0.070658
-0.887551, -0.100142, 0.481219
-0.762062, -0.160391, -0.508072
0.703405, 0.576282, 0.393535
-0.985112, -0.00215508, -0.331685
0.329759, -0.82244, 0.51547
-0.782318, 0.310375, -0.47296
0.410243, -0.51526, 0.786028
0.371906, -0.908372, 0.0688486
-0.902352, 0.315205, 0.287137
0.0582577, 0.144786, -0.949743
0.144183, 0.964243, -0.28021
0.538264, -0.808016, -0.496053
-0.079975, 0.430417, -0.900416
0.199804, 0.926136, 0.316906
0.136242, -0.208719, -1.00093
0.187373, -0.604137, 0.841717
-0.634374, -0.435712, 0.600252
0.813477, 0.467283, 0.344958
0.030693, -0.33348, 0.922957
0.23073, -0.6242, 0.785946
0.0136825, -0.257322, 0.95192
0.348331, -0.949394, -0.0864629
0.185276, -0.843676, -0.342045
-0.0510537, -0.390335, -0.880202
-0.393346, 0.561689, 0.766442
-1.00324, 0.122659, -0.116495
-0.7175, -0.279875, -0.614826
-0.449685, -0.828837, 0.20953
0.520719, -0.74813, 0.399738
0.463752, -0.0849947, -0.830662
-0.597125, -0.220087, -0.738055
-0.360272, -0.719471, -0.570736
0.102316, 0.72987, 0.661003
0.233843, 0.696266, 0.675376
-0.694199, -0.329636, 0.716439
-0.454786, -0.29639, -0.827768
-0.164145, 0.598041, 0.865381
-0.777157, -0.592629, 0.249062
-0.666377, -0.551536, -0.443086
-0.94576, -0.092066, -0.407317
-0.232844, -0.129619, 0.93499
0.465175, 0.762348, 0.352815
-0.544433, -0.603794, -0.600001
-0.201752, -0.654427, 0.82191
-0.0243104, 0.649775, -0.778974
0.784879, -0.570694, 0.278787
0.204476, -0.789569, -0.513052
0.281547, -0.939186, 0.0962987
0.00750909, -1.02206, -0.120299
-0.717566, 0.156904, 0.64992
0.0506605, 1.05329, -0.0081154
0.992713, -0.00514624, -0.189956
-0.0671184, 0.967524, 0.243964
-0.030533, -0.968668, 0.288755
-0.607874, 0.399609, 0.657829
0.276155, -0.871935, -0.421084
-0.632223, 0.141977, 0.666916
-0.0494494, 0.705826, 0.70613
1.00057, -0.127729, -0.122674
0.606874, -0.672352, -0.387502
-0.251509, 0.821548, -0.659891
-0.931866, 0.105373, -0.0952475
0.855771, -0.463826, -0.224375
-0.113371, -0.370262, -0.93774
0.651484, 0.155155, 0.733243
-0.769363, -0.095694, -0.616962
0.846937, 0.150884, -0.588291
-0.749799, -0.615023, 0.13579
0.0392712, 0.863015, -0.433365
-0.225157, 0.595103, 0.804047
0.414647, -0.834612, 0.363068
-0.17374, 0.958368, -0.210159
0.685571, -0.08063, -0.749437
0.102637, 0.78089, 0.572981
0.0469662, 0.829958, 0.515836
-0.639142, 0.591814, 0.441385
-0.459235, 0.670744, -0.555723
0.250004, -0.763891, -0.577904
-0.767768, -0.248379, 0.665466
-0.14391, 0.977081, -0.104106
-0.350321, -0.477485, -0.827727
1.01815, 0.195315, -0.0152259
-0.00851188, -0.572756, 0.816654
0.620043, 0.760532, 0.262953
-0.597335, -0.0618612, 0.784101
-0.675355, 0.0814477, -0.742658
0.0334794, -0.385728, -0.922547
0.122999, 0.123079, -0.972902
0.857827, 0.361572, -0.368923
0.731723, 0.180427, 0.649883
-0.390164, -0.905393, 0.191797
0.98526, 0.260585, 0.0908498
0.0545268, 0.893372, 0.242785
-0.738916, -0.308961, -0.652508
0.791399, 0.137369, 0.561957
-0.79632, -0.0568007, -0.651861
-0.651593, -0.759633, 0.296671
-0.294657, 0.00700513, -0.945892
0.570258, -0.756914, -0.200511
-0.284584, -0.799419, -0.478228
0.816077, 0.0189332, -0.59011
-0.452992, 0.591126, -0.705964
0.0517491, 0.481138, -0.834095
0.539172, -0.615177, 0.467503
0.99374, 0.094292, 0.11902
0.552199, -0.62587, 0.616027
-0.847684, -0.150578, 0.468496
0.549539, 0.434345, -0.692635
-0.306705, -0.941046, -0.0286623
0.775018, 0.637559, -0.0629756
-0.277618, -0.303075, -0.936208
-0.0348964, 0.904955, 0.485745
-0.282645, 0.666737, 0.687862
-0.870238, -0.32544, -0.141147
0.927721, 0.510709, -0.0261458
0.0624119, -0.71226, -0.727346
-0.261051, 0.502194, -0.865485
-0.0389193, 0.763723, -0.6067
-0.729446, -0.530988, -0.414675
0.61435, -0.324263, -0.744287
0.255455, 0.129987, 0.946714
-0.803067, -0.521489, -0.163582
0.738166, 0.313211, 0.509097
0.763645, 0.597326, 0.25983
0.0982441, 0.263366, -0.937127
-0.771803, 0.458324, -0.286027
-0.817091, -0.526754, 0.0605205
0.115226, -0.601224, -0.800815
-0.284683, 0.0414933, 0.929032
-0.347198, 0.346734, 0.932794
0.115783, -1.00889, -0.299042
-0.823406, 0.443708, -0.369461
0.237625, -0.945557, -0.403439
0.94372, 0.063173, 0.40864
0.322689, -0.171515, 0.964102
0.584069, 0.776815, -0.318788
0.282847, 0.870339, -0.364876
-0.341766, -0.347229, -0.847604
0.346316, 0.478585, 0.782248
-0.251979, -0.954883, -0.142163
-0.171665, -0.717107, 0.661318
-0.476368, -0.409427, -0.719793
0.481898, 0.838241, 0.0479064
-0.583344, 0.798213, 0.138341
-0.8961, 0.432438, 0.227817
-0.560493, 0.80272, 0.0915965
0.227865, -0.336622, -0.87151
0.700705, -0.605499, 0.408785
-0.93443, 0.0498368, 0.260777
0.0251141, -0.883043, 0.538306
-0.34662, 0.922193, 0.050414
0.237768, -0.0441283, 0.98269
-0.561579, 0.29899, 0.679927
-0.933267, 0.289264, -0.220808
0.529696, 0.637655, 0.579772
-0.937467, 0.122972, -0.442463
-0.974243, 0.0527579, -0.176595
0.920652, 0.00110179, 0.249351
-0.478203, -0.311655, -0.856594
-0.0779798, 0.422239, -0.906666
-0.313653, 0.710129, -0.74566
-0.545492, 0.118595, 0.856509
0.52798, -0.191733, 0.812642
0.213951, -0.954728, 0.129015
-0.608541, 0.136027, 0.753916
0.366912, 0.866137, -0.292485
0.386552, -0.562896, 0.802854
0.40626, -0.906308, -0.1659
0.135264, 0.480312, 0.802883
-0.51032, 0.222762, 0.844386
-0.28481, -0.750817, 0.574897
-0.633682, 0.707413, 0.362789
-0.71863, -0.0567668, 0.686568
-0.333192, 0.857328, 0.395824
0.111121, -0.461972, -0.850983
0.319319, 0.983153, -0.0878816
-0.572921, -0.798055, 0.280127
0.0438474, -0.576205, -0.80419
0.961606, -0.0555, 0.20594
0.193485, -0.507849, -0.825565
0.205692, -0.639422, 0.691652
-0.365517, -0.791965, -0.459579
-0.577587, 0.746096, 0.340897
0.0980799, -1.00313, 0.0667842
-0.762142, -0.236536, 0.672573
-0.97397, 0.0421569, 0.203438
0.531948, -0.269299, -0.858602
-0.735345, -0.517087, -0.322815
0.143745, 0.71733, -0.70971
-0.953105, -0.137408, 0.270526
-0.195435, 0.776326, 0.438073
0.265408, -0.917303, -0.317949
0.503197, -0.658819, -0.587301
0.764683, -0.0918616, -0.619855
0.876535, 0.0673258, 0.432226
-0.282843, -0.513523, 0.829382
-0.547416, -0.666644, -0.439426
0.511909, 0.0870226, -0.866528
-0.953472, -0.0526048, -0.431712
0.748672, -0.663373, -0.0652638
-0.714065, 0.654321, -0.243683
0.751375, 0.591765, 0.33933
-0.96903, -0.425594, -0.114225
0.600807, 0.257208, -0.795801
-0.84332, 0.344021, 0.326752
0.875119, 0.429054, 0.132358
-0.176312, 0.140074, -0.976521
0.561829, 0.895435, -0.0367206
-0.399657, 0.417049, 0.825227
-0.466099, 0.856415, -0.157491
0.120141, -0.0355454, -0.980632
0.40838, -0.81522, 0.234875
-0.836897, 0.0564718, 0.537181
-0.22602, 0.872346, 0.401061
0.626715, -0.241906, 0.696913
-0.861325, -0.270856, -0.384826
0.283561, 0.827395, 0.422003
-0.180963, -1.02456, -0.147859
-0.501296, -0.0837118, 0.9303
0.908799, -0.0216551, 0.419506
0.697757, 0.303924, -0.588914
-0.628827, -0.109947, -0.718028
0.592492, 0.812, -0.0193104
-0.197611, 0.875373, -0.467259
-0.809921, -0.422569, -0.359513
-0.351667, -0.576133, 0.716748
0.951186, -0.209197, 0.0236891
0.858269, -0.586147, 0.0772298
0.181542, -0.149621, -0.993416
0.00780813, -0.884883, -0.523135
-0.715596, -0.474847, -0.532286
0.212795, -0.871152, 0.446096
-0.00930757, -0.45686, 0.946059
0.785092, 0.014104, -0.557874
0.661757, 0.533929, -0.530593
-0.0939483, 0.610047, 0.773561
-0.899862, -0.317264, 0.150573
0.783645, 0.577682, 0.234346
0.942949, -0.233056, 0.100381
-0.484419, -0.566848, 0.635506
-0.567536, 0.384923, 0.697343
0.345926, 0.878453, 0.201029
0.221004, 0.8042, -0.511509
0.488487, 0.345967, 0.859226
0.978838, -0.0706381, -0.282158
0.752877, 0.183707, -0.728629
0.2573, -0.238676, -0.924953
0.289418, 0.711889, -0.641223
0.184883, -0.990606, -0.119479
-0.217569, -0.222562, 0.95836
0.239319, -0.944163, 0.214531
0.77908, -0.609697, 0.187876
-0.312731, 0.292311, -0.88375
-0.943669, -0.182531, 0.44939
-0.0251593, 0.976052, 0.24717
-0.487155, 0.687835, 0.605934
0.655958, -0.20052, -0.73062
0.886766, -0.366958, -0.375145
0.267276, 0.03128, -0.983463
0.40272, 0.123746, -0.884414
0.7831, 0.677439, -0.0304517
-0.451971, -0.92447, -0.136484
0.934683, 0.2904, -0.349766
0.367655, 0.848582, -0.207658
0.401623, 0.656123, -0.691382
0.760119, 0.146854, 0.615169
0.0603271, -0.76551, -0.633188
-0.917324, -0.296536, -0.0893176
-0.177682, 0.774975, 0.542262
-0.117264, 1.01095, 0.205913
0.424541, -0.682897, -0.534544
0.00203075, 0.099309, 0.970439
0.00151904, 0.754966, -0.643283
0.827605, -0.545844, 0.121078
-0.96526, -0.276088, 0.0685458
-0.112768, 0.918219, -0.346439
0.19588, -0.41634, 0.915026
0.349141, -0.751274, -0.441959
-0.43468, 0.525571, -0.733026
-1.02884, 0.1355, 0.14715
0.829138, 0.351881, -0.53196
-0.493167, 0.376877, -0.829064
-0.145998, 0.637237, 0.784821
0.695548, -0.422953, 0.525776
0.728143, 0.622038, -0.282226
-0.988572, -0.0273927, -0.125216
-0.843494, 0.455989, 0.270466
-0.823926, 0.283521, 0.566732
0.837113, 0.519244, -0.183227
-0.627509, 0.393441, -0.672794
-0.619986, -0.444443, 0.667853
0.750769, 0.0534355, -0.615411
-0.790817, -0.472769, -0.368219
-0.23639, 0.97135, 0.073755
0.273856, -0.763564, -0.570725
0.302065, -0.914085, -0.239771
0.125983, -0.836844, 0.62214
-0.0660762, -0.958872, 0.274137
0.424353, 0.562424, -0.758015
0.18803, 0.887284, 0.438935
-0.653504, 0.501639, 0.614487
-0.32732, -0.718462, -0.628952
0.118617, -0.880814, 0.363975
-0.304191, 0.647482, 0.668952
0.631484, 0.562319, 0.454708
-0.503152, 0.0954383, -0.842704
-0.911438, 0.312697, -0.0673364
0.340818, 0.666098, -0.575275
0.773519, 0.136901, 0.596591
0.259152, 0.958788, -0.170099
0.710654, -0.010739, -0.710061
-0.887182, 0.0220491, -0.451856
0.166895, -0.906822, -0.446858
-0.781144, 0.00359546, 0.522619
-0.854899, 0.0801005, 0.513225
-0.0293671, 1.01598, -0.0844441
-0.748355, 0.0289982, 0.638803
-0.109216, -0.364799, -0.954764
-0.217654, -0.937276, -0.0377269
0.215692, 0.0180614, 0.988329
-0.954056, 0.231715, 0.115581
0.0259736, -0.658338, 0.697478
0.269945, 0.111782, -0.937566
0.217545, -0.4931, -0.812618
-0.842637, -0.490942, -0.0925743
-0.639745, 0.399886, 0.644492
-0.0398855, -1.015, 0.238678
-0.590905, -0.678315, 0.518719
0.682187, -0.741811, -0.228467
0.135779, -0.536619, 0.848528
-0.693524, 0.670492, 0.270876
0.658992, 0.527256, 0.463531
0.103765, -0.277157, 0.958279
0.0186321, -1.02288, -0.0564263
0.863298, 0.422101, -0.206066
-0.262693, 0.343191, -0.838585
-0.134658, -0.960664, -0.161105
-0.666271, 0.740388, -0.135158
-0.292027, 0.919804, -0.285612
0.0165511, 0.22395, 1.00848
0.85519, -0.145797, -0.457361
-0.141775, 0.464754, -0.922637
-0.053118, 0.628517, 0.803249
-0.241769, -0.984996, 0.0359198
-0.735422, 0.42619, 0.581236
0.583565, -0.00321777, -0.756674
-0.310904, 0.229439, -0.916745
0.81205, -0.0462917, -0.602216
0.803621, 0.59109, 0.287478
0.249945, -0.745111, 0.596135
0.77088, 0.517951, -0.43111
-0.0960351, -0.939403, -0.217212
0.0467895, -0.18091, 0.955347
0.0858633, 0.984963, 0.0745775
0.394836, -0.272419, 0.91505
0.970256, -0.0989011, -0.213998
0.020076, 1.05139, -0.17561
0.752644, 0.487389, -0.492335
0.75109, -0.344153, -0.47764
0.546884, -0.959133, 0.0267572
-0.692339, -0.397368, 0.605775
0.185367, -0.542986, 0.776201
0.964916, 0.102173, 0.130915
-0.163275, -0.835025, 0.578975
-0.762572, 0.617948, 0.0479861
-0.301443, 0.00593487, 1.00184
0.206759, 0.789429, -0.511229
0.143606, 0.831452, -0.5433
-0.973343, -0.212552, 0.0829509
-0.26193, 0.168047, -0.965387
-0.27136, 0.916003, -0.189413
-0.0337953, 0.764203, 0.75005
0.0498088, -0.182315, 0.957403
0.867947, 0.420847, -0.408125
-0.788882, -0.668284, 0.208868
-0.113967, -0.22943, 0.944414
0.374747, 0.899211, 0.00819355
-0.288195, 0.838643, 0.28765
-0.326297, -0.179538, 0.914987
0.161045, 0.782979, 0.6035
0.61261, 0.756012, -0.284984
-0.583562, -0.496418, 0.656144
-0.336708, 0.798989, -0.562466
0.58932, -0.0554735, 0.837738
0.587657, -0.642652, -0.480721
0.466044, 0.651576, -0.577312
0.0981833, -0.261694, -0.903729
-0.342126, 0.716738, 0.557854
-0.22316, -0.870175, -0.416595
-0.479103, -0.883968, -0.288138
0.61872, 0.675447, 0.423339
0.311002, -0.903152, 0.308038
0.363066, -0.525775, 0.771342
-0.707511, 0.649272, 0.0489844
0.639192, -0.694304, -0.346326
-0.00316572, -0.842348, 0.478705
-0.413953, -0.237618, -0.862641
0.504075, 0.105784, 0.929212
0.938913, -0.234595, 0.188238
-0.220939, 0.826409, 0.500601
0.134774, 0.210322, 0.974937
0.789245, -0.560299, 0.114854
0.416378, -0.3078, 0.902886
-0.024044, 0.874241, -0.48347
-0.92785, 0.0290654, -0.118244
-0.87368, 0.129837, -0.571979
0.83793, -0.502348, -0.35231
0.929197, -0.320141, 0.11004
-0.534521, 0.403725, -0.777549
-0.887449, -0.454208, 0.0395843
1.02768, -0.101922, 0.0220774
-0.702797, 0.167496, 0.689893
0.975397, 0.298586, -0.15799
-0.24495, 0.840012, 0.390824
0.292507, -0.327352, -0.878066
0.912838, -0.0116529, -0.396521
0.652739, 0.293748, 0.683771
0.70584, -0.159472, -0.691782
0.0874708, -0.459567, 0.890492
-0.763784, -0.325162, 0.493702
-0.257048, 0.109364, 0.954314
0.434046, 0.831359, -0.216369
0.979198, 0.00274384, 0.0473592
-0.542208, -0.67193, 0.458301
0.269551, 0.958258, 0.288083
-0.269674, 0.616197, -0.750854
-0.072365, -0.6617, 0.680663
-0.210686, -0.952425, 0.129986
-0.3147, 0.432072, 0.838966
-0.555957, 0.0213584, 0.806409
0.788425, 0.356667, -0.395447
0.545258, 0.478824, -0.660203
-0.70449, -0.749513, 0.125306
-0.393934, 0.439293, 0.814307
0.748014, 0.0612966, 0.678376
0.0407767, 0.0239072, 0.965351
-0.527783, 0.500083, -0.655095
0.190027, 0.497071, -0.869498
0.112049, -0.849543, 0.565541
-0.223588, 0.621165, -0.719616
0.125095, -0.952043, 0.244685
-0.914161, -0.248, -0.321753
-0.267313, -0.0478537, -1.00564
-0.320578, 0.0703125, -0.974946
-0.70536, 0.751579, 0.0213365
-0.868573, -0.0694231, -0.479357
0.874924, 0.249907, 0.252208
-0.162496, 0.658127, -0.794689
0.222408, 0.503643, -0.779166
0.314939, 0.384603, -0.838445
-0.696634, -0.668096, 0.135082
0.908172, -0.132951, 0.202079
-0.82041, 0.0781216, -0.595291
0.403987, -0.850485, -0.280387
0.23836, 0.832508, 0.473727
0.165669, 0.888772, -0.456571
0.39749, -0.898597, 0.195085
0.624416, 0.632666, -0.43019
-0.948968, 0.0357272, -0.314342
0.55229, 0.467672, 0.687866
-0.357549, -0.877103, 0.292544
0.819864, 0.359378, 0.411327
-0.249252, 0.995108, -0.00166407
0.888776, 0.495369, -0.203398
0.392854, -0.944907, -0.118237
-0.0619902, 0.487486, 0.861374
-0.886133, 0.137404, 0.490942
0.300505, 0.310703, -0.907929
-0.739287, -0.0381918, -0.615134
0.522565, -0.849606, -0.12242
-0.0471989, 0.984991, 0.0124988
0.912351, -0.116308, 0.462351
0.854693, -0.31344, -0.364727
0.274632, -0.347108, -0.866866
-0.695249, 0.620318, 0.372325
0.911092, -0.0113472, 0.312938
0.0576575, -0.285037, 0.939308
0.142091, 0.924591, 0.440625
-0.246173, -0.533965, 0.736949
-0.813419, -0.496653, 0.285854
0.373279, 0.645829, -0.594499
0.405515, -0.00924502, -0.89444
0.25771, 1.02404, -0.0577399
-0.0758661, 0.463848, -0.900681
0.829787, -0.56339, -0.0508219
0.763965, 0.608186, -0.18072
0.187738, 0.812209, -0.608269
0.567386, 0.694902, 0.475063
-0.211704, -0.994184, 0.186023
-0.949183, -0.264659, -0.0832242
-0.0264302, 1.00552, -0.14293
0.651904, 0.57056, 0.521302
0.285937, 0.593232, 0.656131
0.291045, 0.552916, 0.759055
-0.435946, -0.279501, -0.877413
-0.361415, -0.902375, 0.373656
0.48412, -0.781571, 0.31634
0.950425, -0.20547, -0.295664
0.766519, 0.162049, 0.644969
-0.01646, 0.577406, 0.802109
-0.963411, 0.238258, -0.327749
0.24501, -0.735577, -0.585192
-0.813528, 0.4089, 0.427184
-0.235272, 0.43964, -0.830309
0.961617, -0.108103, 0.104303
-0.0705671, -0.818257, -0.516489
-0.438602, -0.158906, -0.952656
-0.185716, 0.630398, 0.748586
0.0411882, 0.608098, -0.743947
-0.980014, -0.095457, 0.0454827
-0.757167, 0.186527, 0.602514
-0.374959, -0.701218, -0.603106
0.102257, -0.49286, -0.868055
0.737521, 0.615787, 0.162248
0.326915, -0.000224576, 0.972981
-0.49181, 0.488017, 0.787773
0.090379, -0.862518, 0.426866
0.937944, 0.282562, 0.248943
0.63788, 0.757124, -0.196025
-0.132611, 0.799997, -0.65367
-0.188397, 0.954325, 0.267039
0.621043, -0.675779, -0.482961
0.748121, 0.656246, 0.168052
-0.143067, -0.605466, 0.827287
0.196943, -0.693299, -0.613379
0.0955553, 0.525981, 0.86419
-0.233889, -0.845, -0.462114
-0.49659, -0.310386, 0.810722
0.965609, 0.171491, -0.220402
0.195246, -0.912084, 0.185372
-0.682305, -0.580464, -0.312704
0.976106, 0.109586, 0.332052
0.501335, -0.304548, 0.841666
0.926472, 0.0388009, 0.313753
0.206514, 0.634057, -0.729914
0.704256, 0.505341, 0.483811
-0.462502, -0.107808, 0.883512
0.533232, 0.394702, -0.736034
-0.517574, 0.646714, -0.595816
0.841169, 0.442067, 0.349326
0.938693, -0.42033, 0.159792
-0.575935, 0.815139, -0.12848
0.818904, 0.472413, 0.325893
0.421865, 0.812848, -0.325291
0.554709, 0.0868183, -0.778554
0.799496, 0.433742, 0.439119
-0.748525, -0.232873, 0.481332
0.387742, 0.673642, 0.630724
0.0309118, -0.91672, -0.448579
0.822163, -0.473852, -0.356486
0.590396, 0.348121, -0.764638
0.0867067, 0.137134, 0.997017
-0.697261, -0.464763, -0.560882
0.689339, 0.622442, -0.367881
0.19517, 0.831714, -0.511246
-0.574606, -0.195831, 0.817732
-0.885381, 0.409579, 0.0176834
0.656667, 0.761323, -0.0662194
-0.721823, -0.496686, 0.528549
-0.776546, 0.600927, -0.154381
0.841285, 0.512594, 0.223906
-0.573861, -0.409752, -0.738904
-0.216128, -0.172426, -0.983705
-0.567238, 0.784892, 0.00314456
0.780355, 0.318173, 0.647837
0.736435, -0.0594358, 0.682126
0.342975, 0.642923, -0.69184
0.884866, 0.367433, 0.416393
-0.948059, 0.0552774, 0.293831
0.0127377, -0.777706, -0.583837
-0.255905, -0.890272, -0.419449
0.489102, -0.13469, 0.846426
0.56446, -0.612163, 0.628136
-0.93511, -0.0926216, 0.451269
-0.375693, -0.285578, -0.898428
0.47414, -0.630188, -0.639888
-0.115041, 0.28197, -0.976836
-0.749158, -0.682245, 0.0457235
0.8599, -0.0579357, 0.470016
0.958045, -0.109254, -0.23051
-0.585505, 0.846297, -0.176099
-0.661518, -0.71486, -0.30349
0.129631, 0.582619, -0.782995
0.02807, -0.314107, 0.964196
0.306081, 0.120471, 0.877355
0.405907, -0.167258, 0.911817
-0.372615, 0.678585, 0.642358
0.822133, 0.300203, 0.567835
-0.13977, -0.934043, -0.171143
-0.876042, -0.352067, 0.0761559
0.454222, 0.743473, -0.528061
0.181105, -0.651613, -0.711677
-0.574258, -0.411931, 0.726382
0.78651, -0.0407853, 0.657693
-0.482526, 0.363956, -0.801892
0.150771, -0.658496, 0.694856
-0.101299, 0.586954, 0.845593
0.311019, -0.131887, 0.932077
0.447816, 0.441576, -0.79618
-0.358725, -0.563418, -0.743674
-0.576329, 0.385092, -0.653979
0.908291, -0.103506, -0.116151
0.294588, -0.565523, -0.76304
0.180417, -0.899399, 0.392301
0.317253, 0.182128, -0.968093
-0.372102, -0.559887, 0.753335
0.707331, 0.667038, -0.120342
0.746652, 0.534413, 0.305642
-0.481113, 0.811773, 0.317701
0.731057, -0.661413, 0.275231
0.0230143, -0.968858, -0.142007
-0.421226, 0.470937, 0.722375
-0.802223, 0.371432, 0.500927
-0.339876, 0.0654622, 0.949363
0.923168, 0.363855, 0.339494
-0.505084, -0.376446, 0.740295
-0.194892, 0.281614, 0.926915
-0.408553, -0.135803, 0.91161
0.89421, 0.00512214, -0.299933
-0.890843, -0.319382, -0.220886
0.773892, 0.3593, -0.540562
0.446209, 0.87462, -0.13645
0.0545514, 1.02395, -0.106554
-0.899631, -0.468119, 0.0410626
0.668071, -0.739199, 8.21803e-05
0.958223, 0.159897, -0.153067
0.247022, 0.814521, 0.612122
0.0266442, -1.014, 0.146782
0.215628, -0.682385, -0.67863
-0.281418, -0.274927, 0.906378
-0.978367, 0.139245, 0.0635884
0.0132693, -1.00597, -0.312584
0.0920697, -0.399521, -0.917775
-0.421677, 0.755694, 0.416478
-0.0807006, -0.198836, -0.945176
-0.8546, 0.535193, 0.00105827
-0.89695, -0.227728, 0.309196
-0.822645, -0.463225, -0.314566
-0.426804, -0.0745515, -0.852693
0.105955, 0.801293, 0.582591
0.294982, 0.0121688, -0.954061
-0.506667, -0.637813, -0.533262
0.497945, 0.367972, -0.822803
-0.0807828, -0.496614, -0.88521
-0.728361, -0.604215, -0.235834
0.977061, 0.167429, -0.268569
0.483641, 0.418673, 0.745025
0.477322, -0.868485, -0.124101
0.178561, -0.0174876, -0.964974
0.264455, 0.944111, -0.0678354
-0.561635, -0.768738, 0.469161
0.0278257, -0.494277, -0.849494
-0.88376, 0.180816, -0.524157
0.660102, -0.438012, -0.543109
-0.269768, -0.772757, -0.50557
0.952259, -0.317519, -0.0670645
-0.522343, -0.216237, 0.793201
0.354537, 0.904699, 0.20896
-0.902394, 0.273308, -0.00494754
-0.671532, 0.0228106, 0.845956
-0.887663, 0.394275, -0.262931
0.906658, 0.355775, 0.23291
0.902152, 0.333851, -0.286293
-0.0106822, -1.03691, 0.221408
0.150121, -0.944893, 0.191706
0.772722, -0.553925, -0.207859
0.116876, -0.824727, 0.464242
-0.401755, -0.847387, -0.076873
-1.0087, -0.104631, -0.195108
0.766794, 0.224402, 0.558966
-0.627702, 0.821014, -0.0752412
0.613818, 0.00971044, 0.85201
-0.32629, -0.130503, 0.964678
0.397319, 0.608506, -0.669118
0.440105, -0.124678, 0.864188
0.980354, 0.142568, -0.291593
-0.359536, -0.61697, -0.672741
0.416984, -0.867931, 0.207735
-0.931253, -0.107854, -0.27477
-0.148234, -0.115557, -0.964745
-0.177653, -0.654318, -0.769908
0.836951, 0.110476, -0.510761
-0.760478, 0.226608, 0.671502
0.779108, 0.125287, -0.67018
-0.248326, 0.113557, 0.977834
0.940395, -0.356774, -0.0967956
0.738624, -0.0673385, 0.571558
0.620379, 0.380304, 0.607238
0.798999, 0.121897, 0.651143
0.799894, 0.508552, -0.331471
-0.704617, 0.402243, 0.523084
-0.857684, 0.0165109, 0.43587
-0.236956, 0.926588, 0.123588
-0.0749281, -0.931645, 0.178553
0.0950964, 0.799269, 0.66435
0.250101, 0.829431, 0.49308
0.47844, -0.353888, 0.831687
-0.413291, 0.838687, 0.51292
0.768137, 0.559454, 0.14566
0.171211, 0.809774, -0.529996
-0.00592619, -0.755559, 0.661826
0.127155, -0.0148955, -0.955145
-0.408995, -0.872702, 0.248241
0.537134, 0.778338, 0.242521
-0.960263, 0.0972842, 0.368267
0.514237, 0.781888, -0.00642588
-0.804141, -0.122416, 0.613609
0.265371, 0.748015, -0.598666
-0.656077, -0.706372, 0.220206
0.770757, -0.388795, 0.497399
0.35379, -0.306883, -0.913324
-0.604467, -0.714308, -0.138544
0.471108, -0.779906, 0.389986
-0.838215, -0.452744, 0.25314
-0.623256, -0.713956, -0.0102648
0.289803, 0.871355, -0.376003
-0.0190176, 0.542153, -0.8628
0.268381, -0.830516, -0.440993
0.76854, -0.454818, 0.429227
0.00177248, 0.43744, 0.886319
0.347177, -0.854843, 0.314323
-0.829973, -0.0425073, -0.583544
0.357222, -0.925248, -0.314459
0.5333, 0.682707, -0.404566
-0.945239, -0.142936, -0.186854
-0.251736, 0.942137, -0.123419
-0.160764, 0.203583, 0.978628
-0.73362, 0.565339, 0.293445
-0.989761, -0.000562065, -0.0235037
-0.517729, 0.182895, -0.802834
-0.602796, 0.688977, 0.441784
-0.420472, -0.821283, 0.201014
0.167329, -1.01445, -0.0475349
-0.35902, 0.362517, 0.833084
0.416849, -0.0710556, -0.865222
-0.903299, 0.271391, -0.20919
-0.489905, -0.843276, -0.0208402
-0.973036, 0.0774852, -0.0312332
-0.262369, -0.96923, -0.206356
0.93521, 0.209324, -0.0926828
0.747545, -0.583911, 0.306986
0.379345, 0.264299, 0.831129
-0.0209925, -0.998741, -0.15763
0.830711, -0.530465, 0.270502
-0.229689, 0.490199, 0.823399
-0.329562, -0.865131, -0.0581211
-0.096875, -0.941757, 0.408552
0.506834, 0.771257, -0.430697
0.224938, -0.4175, -0.83463
-0.988319, 0.120544, -0.248403
0.661471, -0.670705, -0.300311
0.337949, 0.535058, -0.705641
-0.407358, -0.907318, -0.0901098
0.420348, 0.257137, -0.875023
-0.186609, 0.0419881, -0.929059
0.384409, 0.0554805, -0.899146
-0.00386973, -0.725548, 0.678137
-0.196566, 0.378435, 0.906539
0.866754, -0.381341, 0.310307
-0.774653, 0.124293, 0.653793
0.329406, -0.61751, 0.679352
-0.0335728, 0.768922, 0.576305
0.256526, -0.744724, -0.623391
0.520054, 0.333236, 0.856541
-0.834473, -0.50013, -0.305092
-0.576296, 0.451803, 0.673277
0.619813, 0.129458, -0.765776
-0.425198, -0.606117, -0.654354
0.209185, -0.118164, -0.929525
-0.781025, 0.00205087, 0.566425
0.215159, 0.828402, -0.53859
0.715456, 0.253492, -0.607523
0.717472, -0.694081, 0.227945
-0.124928, -0.686601, -0.685224
0.475262, -0.165059, -0.825861
0.0783791, 0.797312, 0.609856
0.901748, 0.391327, 0.0674193
-0.564682, 0.623381, -0.552087
-0.40594, -0.920289, -0.158045
0.414591, 0.3447, -0.846707
-0.185643, 0.393474, -0.894271
0.753677, 0.594236, 0.433418
0.874522, -0.475516, -0.315216
0.54124, -0.809635, -0.053203
0.232807, -0.676816, -0.589457
0.00528823, -0.706722, 0.705734
0.386979, -0.810296, 0.444041
-0.423126, 0.849674, -0.407528
-0.144566, -0.135617, 0.987505
-0.14495, 0.000355669, -0.987005
-0.340542, 0.85626, -0.447474
0.773426, -0.116748, 0.675003
-0.385568, 0.845582, 0.314294
-0.666159, 0.672381, -0.234968
0.0410112, -0.703984, -0.627657
0.761638, -0.583887, 0.227185
-0.380618, 0.762947, 0.473039
-0.286438, 0.557651, -0.771738
0.282386, -0.0894872, 0.958621
-0.703123, -0.101449, -0.665118
-0.76853, -0.0323442, -0.693424
0.116211, -0.470741, 0.857251
-0.930576, -0.0692798, 0.313601
-0.493867, 0.0674038, 0.947253
0.620328, -0.606381, 0.529676
0.983796, -0.174359, -0.232655
-0.639788, -0.63343, 0.395551
-0.466613, 0.643351, 0.598771
-0.350546, 0.397077, -0.839233
0.0130573, 0.234014, -0.953109
-0.831816, -0.381568, 0.218553
0.835275, -0.0857871, 0.50671
0.232528, 0.860178, -0.427272
-0.151377, -0.976502, 0.204035
0.866257, 0.445316, -0.316
-0.0670664, -0.131142, -0.961656
0.709769, 0.680564, 0.121515
-0.179729, 0.692098, 0.712068
0.545791, 0.510483, -0.685502
0.874447, 0.497168, -0.0102562
-0.218781, -0.870323, 0.381571
0.801798, -0.540714, 0.403576
0.686941, 0.609213, 0.396531
0.360998, 0.908069, -0.313841
-0.852821, 0.585475, 0.138196
-0.614941, 0.757341, 0.229729
-0.798979, 0.110494, 0.602822
0.038935, -0.94515, 0.321552
-0.44673, -0.821282, -0.387968
0.679827, 0.420829, 0.60234
-0.630843, 0.655272, -0.191484
-0.00363786, -0.993784, 0.272284
-0.507606, -0.326183, 0.748188
-0.0680266, 0.915073, 0.315725
0.6904, 0.0219586, -0.720209
-0.235057, 0.781802, 0.483401
-0.593657, -0.192227, -0.812093
-0.680296, 0.232109, -0.716953
0.21087, -0.296035, -0.8889
-0.666414, -0.044748, -0.745383
-0.663701, 0.665766, -0.32275
-0.829468, 0.267377, -0.400143
-0.195437, -0.190167, 0.985519
-0.783713, -0.497142, -0.203687
0.95096, 0.0135121, -0.407755
-0.461284, -0.864968, -0.328698
0.240095, -0.20267, -1.01244
-0.00103202, 0.719986, -0.624119
0.818753, 0.210834, 0.493393
0.237696, -0.465841, -0.831574
0.625601, 0.734924, 0.236538
-0.363859, -0.689909, -0.644237
0.252592, -0.693087, -0.650398
0.389539, 0.583234, 0.747971
0.893419, 0.382402, -0.108751
0.25538, -0.84806, -0.497721
-0.140872, 0.167125, 1.06227
-0.218434, -0.493438, -0.815656
0.00731809, -0.851776, -0.513678
0.569003, 0.360516, 0.6697
0.457599, -0.531441, 0.70261
0.146847, -0.936986, 0.361747
-0.937169, -0.292393, 0.289254
-0.460054, 0.669405, 0.644515
0.058788, -0.726576, 0.661569
0.445683, -0.409474, -0.817363
0.628761, -0.706381, 0.317182
-0.345125, 0.93169, 0.0697992
0.0662485, -0.923993, -0.364637
0.119336, -0.936049, -0.16275
-0.668938, -0.456512, 0.590959
0.16388, 0.678834, -0.736635
-1.05452, 0.0638055, 0.139177
-0.834417, -0.418462, 0.352289
-0.1381, -0.0377784, -0.961517
0.00953888, -0.876192, 0.288237
0.120484, -0.832395, -0.513208
-0.621157, -0.466873, -0.639979
-0.252554, 0.268564, 0.931023
0.491034, 0.365162, 0.755658
0.49694, -0.322807, 0.818418
-0.00838319, -0.966255, -0.231533
-0.182711, 0.0481228, 0.984007
0.688715, 0.501282, 0.610867
-0.88403, 0.508719, -0.161649
-0.00543276, -0.544505, 0.806288
-0.224224, -0.813631, -0.557569
0.229206, -0.691507, -0.529846
0.713648, -0.41302, -0.629922
0.0275894, -0.638743, 0.72883
-0.523724, 0.0581451, -0.855086
0.463895, 0.0872674, -0.871203
0.646792, 0.731086, -0.193262
-0.411869, -0.367582, 0.778418
0.525491, -0.327972, 0.82849
0.428031, -0.418655, -0.749666
-0.300785, 0.906929, -0.180057
-0.200392, -0.254604, 0.949143
-0.422894, 0.645826, -0.66146
-0.242453, 0.618857, -0.774274
0.288058, -0.915849, 0.241251
0.418637, -0.901941, 0.0985789
0.191046, 0.198377, 0.933627
0.683364, 0.0383156, 0.71621
0.394983, -0.892709, -0.224428
0.847621, -0.511639, 0.108507
0.453702, -0.580147, -0.699983
0.0964869, 0.529736, 0.784266
0.518803, -0.838937, -0.12227
-0.624873, 0.443832, -0.701475
0.193824, 0.969055, 0.00525666
0.557725, -0.12924, 0.757991
0.739704, -0.49697, -0.339903
0.75723, -0.307788, 0.618734
-0.370449, -0.0892515, -0.912081
0.443382, -0.808786, -0.358001
-0.740988, 0.317308, -0.531793
0.391219, -0.369939, -0.865091
0.569894, 0.86042, 0.048833
0.409993, 0.391273, 0.859711
0.414628, -0.1632, -0.966771
-0.569993, -0.787633, 0.251138
-0.132359, -0.417889, -0.921513
1.03013, -0.130626, -0.0900783
-0.300752, 0.916002, 0.122913
0.905929, -0.346164, 0.261508
-0.0416288, 0.668308, -0.78862
0.15273, 0.548858, -0.811192
0.150464, -0.439061, 0.906223
-0.859947, 0.414916, 0.188578
0.746541, -0.446465, -0.315247
-0.200148, -0.692455, -0.64924
0.508889, -0.555409, 0.540492
0.600813, -0.38585, 0.692465
-0.682533, -0.411844, -0.625238
-0.252585, 0.328171, 0.89623
-0.669388, -0.552928, 0.407
0.279704, 0.34485, 0.827099
-0.943759, -0.319654, 0.0845254
-0.472073, -0.811816, -0.474904
-0.688435, 0.338657, 0.684389
-0.567993, -0.70697, 0.286477
-0.501363, 0.864597, 0.192042
-0.733312, 0.198572, 0.706336
-0.631017, 0.78223, -0.128658
0.639246, 0.483295, -0.72716
-0.173983, -0.721214, 0.713758
0.974771, 0.23138, 0.193452
-0.146304, 0.298292, 0.891992
-0.596322, -0.767042, -0.0489257
-0.39731, 0.886286, -0.0292008
-0.900165, -0.260134, 0.258415
-0.626443, -0.748218, -0.0635985
0.0457465, 0.0550944, -0.983798
0.222532, -0.933045, 0.0677397
-0.79635, 0.479413, -0.229449
0.499801, -0.492833, 0.673298
-0.903767, -0.257344, -0.333337
0.427041, 0.767572, 0.493462
-0.301339, -0.578234, 0.794505
0.885224, -0.41908, -0.0972303
0.718258, 0.535431, 0.400164
0.518775, 0.349505, 0.794662
-0.346794, 0.794818, -0.35152
-0.377592, 0.839715, 0.231901
-0.956047, -0.110708, 0.301841
-0.454799, -0.775778, -0.493057
-0.00642462, 0.116889, -0.985118
-0.509222, -0.0726521, 0.800166
-0.949362, 0.213888, 0.300314
0.1308, 0.73854, 0.63396
-0.526695, 0.567201, -0.645712
-0.997848, -0.0291401, -0.322223
0.122503, 0.518115, 0.798568
0.523708, 0.478774, 0.634688
-0.734391, 0.594789, 0.464138
0.105986, -0.702853, -0.742623
-0.657243, 0.776338, -0.223862
0.20855, -0.466029, -0.840061
0.221641, -0.996416, -0.0877107
-0.625595, -0.489548, 0.59117
0.170093, 0.200561, 1.00556
-0.138875, 0.552024, 0.794439
-0.575451, 0.099222, -0.829488
-0.572456, -0.42638, -0.614169
-0.00412037, 0.929364, -0.196659
-0.446658, 0.094231, -0.865281
-0.542408, 0.762149, 0.270561
0.817657, 0.54885, -0.239227
-0.457118, -0.794074, 0.0597218
0.471984, -0.521889, 0.686632
0.43796, -0.726549, 0.437811
0.770124, 0.211956, -0.410867
0.0456723, -1.03056, -0.224517
-0.824582, 0.26838, 0.509191
-0.931511, 0.287487, 0.362403
-0.705228, 0.536788, 0.458112
-0.725031, -0.334185, -0.718056
-0.39286, 0.201559, 0.906876
-0.610073, -0.809383, 0.0972988
-0.585513, 0.125159, 0.868082
0.449177, 0.895472, -0.249993
-0.661317, 0.746865, -0.124284
-0.322199, 0.110256, 0.929599
-0.269904, 0.515623, -0.774088
-0.48827, -0.806295, -0.202736
-0.940392, -0.0757113, -0.0692039
-0.270937, 0.0387866, -1.00836
0.867525, -0.381413, -0.335769
-0.419209, 0.736499, -0.498719
0.499709, -0.692729, 0.579501
-0.176648, -1.00054, -0.070773
0.355603, 0.936195, 0.117607
1.00824, 0.0473613, 0.31877
0.733955, 0.0848681, 0.673934
0.45835, -0.543277, -0.666959
0.16327, -0.938222, -0.30642
-0.398799, -0.358784, -0.866082
0.717194, -0.192644, 0.647053
0.820996, 0.226571, 0.531527
-0.192227, 0.745783, 0.621976
0.814037, 0.398338, 0.560365
-0.363665, 0.301803, -0.941705
-0.412171, -0.154242, 0.879243
0.149465, -0.948763, -0.105165
-0.930193, -0.457594, 0.0335597
0.875458, -0.201929, -0.478153
-0.608193, 0.644945, 0.367491
0.924509, 0.0438925, 0.426906
0.014573, -0.940212, 0.289129
-0.880049, 0.0921771, 0.365496
-0.648395, 0.821553, 0.0303707
-0.0803525, 0.592883, 0.803302
-0.488446, -0.794297, -0.291341
-0.486562, -0.686643, -0.500781
0.314635, -0.639244, -0.644615
-0.49532, -0.851109, 0.174883
0.731714, 0.372096, -0.637927
0.227759, 0.925708, -0.174261
-0.772558, -0.0690284, 0.619417
0.00996177, -0.657525, -0.774885
-0.214948, -0.598947, 0.822081
-0.353364, -0.391162, -0.870117
-0.781215, 0.576491, 0.122725
-0.114031, -0.851688, 0.518188
0.962721, 0.282935, -0.408373
-0.105859, -0.776479, -0.672563
-0.99322, 0.101596, 0.243075
0.942808, 0.229606, 0.172627
-0.438846, -0.0739032, 0.839511
-0.727257, 0.632421, -0.196119
0.796881, -0.702715, -0.0067483
0.743019, 0.5255, -0.208694
-0.850002, -0.515083, 0.0407654
-0.604604, 0.2433, -0.745903
-0.00620022, -0.116303, 0.995822
0.483049, 0.840879, -0.090861
0.595124, 0.820945, 0.220012
0.420904, 0.646352, 0.624463
0.793463, 0.540951, 0.37803
0.262715, 0.902733, 0.333429
0.453281, -0.751242, 0.513489
-0.232956, 1.00573, 0.023385
0.784217, 0.0503223, -0.576482
0.756746, -0.573624, 0.306548
0.946712, -0.429809, 0.0128449
-0.58119, 0.379941, 0.769902
0.875258, 0.407563, 0.140397
-0.698282, 0.442092, -0.594712
0.941493, 0.0342343, -0.255892
0.464082, -0.384141, -0.786309
0.431334, 0.653508, -0.590859
0.0806041, 0.208263, 0.932368
-0.979702, 0.158159, 0.0113475
-0.827196, -0.338856, 0.48985
0.621388, 0.667507, 0.253385
-0.723553, -0.558918, -0.398433
0.871493, -0.291452, 0.194447
0.923703, -0.367308, -0.263954
-0.128362, -0.394676, 0.924832
-0.240313, -0.601595, 0.799589
0.418379, 0.407257, 0.792166
0.576388, -0.740141, -0.3813
0.328091, 0.295287, -0.868122
0.0300154, 0.845091, 0.551974
0.794498, 0.161045, -0.632222
0.529207, -0.8531, -0.33195
0.381804, -0.448472, 0.775116
-0.198942, 0.295728, 0.926011
0.297813, -0.0990118, 0.953571
0.0206871, -0.962844, 0.205592
0.89076, 0.472606, 0.319519
0.915777, -0.432207, -0.097813
-0.828191, 0.345593, 0.446819
0.191037, -0.902383, 0.404569
0.174693, -0.760835, -0.611478
0.888509, -0.39885, -0.244261
0.461381, -0.676661, -0.639618
-0.15372, 0.174144, 0.993451
0.431115, 0.901253, 0.271904
-0.348413, -0.688483, -0.661173
0.517549, -0.815609, 0.41419
-0.647892, -0.815366, 0.114306
-0.845488, 0.122972, 0.476999
0.179525, -1.00412, -0.130818
-0.991147, 0.0178726, 0.204313
0.704511, 0.520803, 0.412365
-0.172242, 0.598102, -0.790085
-0.276419, 0.824447, -0.464621
-0.201765, -0.406604, -0.86328
-0.870352, -0.500049, -0.0431789
-0.22305, -1.01016, 0.185167
0.0201332, -0.80736, -0.624535
-0.0142399, -0.525977, 0.818145
0.95778, -0.366706, 0.0602479
-0.0982981, -0.991129, 0.0555443
-0.824829, 0.377037, -0.413614
-0.0105359, -0.275489, -0.981334
-0.414185, 0.569603, 0.75181
-0.320071, -0.871509, 0.268272
-0.0615711, 1.03321, 0.233593
0.684088, -0.401427, -0.696119
-0.0847533, 0.0673824, -0.954423
-0.723049, -0.0403178, -0.780979
0.956352, 0.23131, -0.119851
0.395748, 0.897997, 0.284219
-0.796596, -0.434856, -0.415733
0.620558, -0.532746, 0.618906
-0.373533, 0.429656, -0.800406
0.333119, 0.911668, -0.334686
0.0653142, -1.04742, -0.06872
-0.506914, -0.0133582, 0.808502
-0.585019, -0.69901, 0.517381
0.115029, 0.872447, -0.489193
0.531388, 0.500315, 0.730309
-0.770737, -0.582171, -0.373875
-0.506168, 0.811985, -0.28435
-0.666726, 0.297796, 0.724347
-0.00964361, 0.442987, 0.958333
0.532361, 0.512985, 0.633938
0.681305, -0.622647, -0.438304
-0.300744, -0.752617, 0.634743
0.743295, 0.390414, 0.47415
0.136899, -0.747986, -0.702184
0.431628, -0.370633, 0.811347
-0.364883, 0.829528, 0.412288
-0.245846, 0.729688, 0.594754
-0.118411, -0.436579, -0.869392
0.7886, 0.490328, 0.398752
0.823895, -0.0844467, 0.54649
0.0895895, -0.529504, 0.813518
0.436913, -0.814522, -0.335163
0.569018, -0.309507, 0.725954
0.742771, 0.132699, -0.709437
0.433212, 0.773718, -0.514362
-0.597604, 0.343899, 0.617311
0.791453, 0.543177, -0.318453
0.422171, -0.019801, -0.88347
0.539439, 0.39203, 0.697732
-0.0276318, -0.928977, -0.406575
-0.402551, -0.244449, -0.884299
0.83986, 0.539561, -0.367539
-0.864429, -0.512155, -0.0363293
0.850828, -0.508144, -0.361606
-0.895993, -0.393593, 0.264469
0.184847, 0.428252, -0.836341
-0.634269, 0.799593, -0.0552465
0.211083, -0.351325, 0.895673
-0.148326, 0.90681, -0.339288
-0.360208, 0.348246, -0.897617
-0.178464, -0.855212, 0.507573
0.294192, -0.295665, -0.913077
0.388806, -0.05549, 0.916857
-0.367838, -0.128209, -0.967366
-0.272251, -0.795972, 0.646489
-0.707811, -0.441206, 0.507192
-0.560882, 0.779301, -0.136506
0.987012, 0.276472, 0.195712
-0.433077, 0.829375, 0.373906
0.170581, 0.175133, -0.976702
-0.0458903, 0.396411, 0.899894
1.02045, 0.047142, -0.163825
0.0850487, -0.752073, 0.608134
0.184772, 0.95488, 0.237115
-0.412069, 0.455318, 0.760352
0.573167, -0.768701, 0.220134
0.490849, -0.760424, 0.406808
0.690106, -0.437041, -0.570588
-0.428917, 0.66091, -0.591969
0.621738, -0.304694, -0.753604
0.898226, -0.292151, 0.0504472
0.638364, 0.112849, -0.734151
-0.563786, 0.341859, -0.697261
0.974396, 0.355603, -0.0579024
-0.0922152, -0.900495, -0.403634
0.283459, 0.935623, -0.0415175
0.456108, -0.128781, -0.886683
0.527228, 0.555321, 0.685191
0.94397, 0.180233, -0.0941056
-0.784794, -0.294015, 0.528353
-0.615641, 0.337362, 0.717679
0.457045, 0.595344, 0.730651
-0.899824, 0.413339, 0.162709
-0.186177, -0.623331, -0.783743
-0.0871193, -0.750983, 0.657389
-0.881728, -0.432185, -0.0168625
0.651394, -0.692508, -0.243671
0.165337, 0.785434, -0.453197
-0.641945, 0.575853, 0.482407
0.448615, 0.363349, -0.766876
0.327668, -0.357538, 0.912928
0.726859, -0.351943, 0.498932
0.526422, -0.509254, -0.638139
0.501075, 0.103883, 0.891859
0.856053, 0.479711, 0.351907
-0.334649, 0.926297, 0.0690493
0.670347, 0.539468, -0.565604
-0.00171708, 0.795677, 0.595907
0.909251, -0.00209736, 0.378628
-0.0165255, 0.803077, 0.669323
0.11657, -0.9435, 0.193268
-0.441151, -0.0590818, -0.964888
0.509205, -0.776009, -0.296826
0.276001, 0.533852, 0.778353
-0.592869, -0.807333, 0.136931
-0.101065, -0.102607, -1.00091
-0.211011, -0.0644539, 1.01755
-0.409913, -0.87701, 0.236271
0.64134, -0.571373, 0.440275
0.550468, 0.201893, -0.799856
-0.510066, -0.809295, 0.412328
0.1189, -0.368442, -0.88103
-0.761, 0.380348, 0.524897
0.700179, 0.385459, 0.578743
0.550478, 0.709929, 0.347997
-0.78909, 0.466232, -0.517917
-0.0190594, -0.852247, -0.450439
0.460184, 0.742245, -0.530281
0.192763, -1.00449, 0.185205
-0.793135, 0.605991, -0.393153
-0.562506, -0.340851, -0.848886
0.58188, 0.785966, -0.26964
-0.685621, -0.752333, -0.168867
-0.634141, 0.374043, -0.687436
-0.134754, -0.793008, -0.609688
0.761626, 0.302454, -0.43249
0.788783, -0.698931, -0.00858024
0.386603, 0.257826, 0.867899
0.690892, 0.665515, -0.34197
0.0372876, -0.33294, 0.919198
0.661902, 0.600891, 0.37456
-0.514099, -0.890043, 0.0176389
0.240923, -0.874381, 0.27002
0.0693001, -0.934766, 0.371562
-0.149328, -0.855535, 0.448242
0.597837, -0.727814, 0.442964
-0.614211, 0.613547, -0.587596
-0.833313, -0.449931, 0.321238
-0.581454, -0.203906, -0.775079
0.18031, 0.877328, -0.416814
-0.391098, 0.0232273, 0.882057
-0.235815, -0.730465, 0.606694
0.0430056, -0.933901, 0.353822
0.986708, -0.114896, -0.160254
0.680928, -0.53219, 0.446446
-1.00793, -0.194614, 0.165597
-0.862405, -0.348297, 0.42315
-0.169604, -0.159064, -0.98062
0.454457, -0.456504, 0.767239
-0.794134, -0.602231, -0.0345903
-0.161417, -1.0247, -0.0993719
0.0479537, -0.701542, 0.729504
-0.552731, -0.733061, 0.415542
-0.946648, 0.0989326, 0.386618
0.703255, -0.462312, 0.557985
0.222848, 0.966935, 0.23153
0.237859, 0.816166, 0.349262
0.310899, -0.383879, -0.88926
0.225122, 0.129914, 0.911265
-0.539282, 0.397648, -0.760244
0.364386, 0.36286, 0.835583
0.051894, -0.223164, -0.99797
0.00367858, 0.219518, 1.0065
0.971379, 0.164325, 0.124543
0.584662, 0.705299, -0.295332
0.930296, -0.384829, 0.0278801
-0.511889, -0.301878, 0.796961
0.0516095, -0.734707, 0.628251
0.29173, 0.934141, -0.260075
-0.587515, 0.809339, 0.288761
-0.828384, 0.474427, 0.366861
-0.592029, -0.703641, -0.40259
-0.508103, 0.812464, -0.261789
-0.776099, 0.489085, -0.381673
0.299898, -0.925148, 0.42824
-0.756215, -0.124471, -0.668153
-0.581091, 0.776563, 0.18624
0.466926, -0.492853, -0.668158
0.37254, -0.917804, -0.144471
-0.372209, 0.0507695, -0.893842
0.0862683, -0.113318, 0.944283
-0.83978, 0.397058, -0.46098
0.919538, -0.374809, 0.0458286
-0.367469, 0.109234, -0.961015
0.86471, -0.0339652, 0.48189
-0.540475, 0.317827, -0.795456
0.887226, 0.101783, -0.578654
-0.149715, 0.615237, 0.794029
-0.773238, 0.198679, 0.726847
-0.564269, -0.806708, -0.123841
0.300619, -0.904604, 0.296007
0.613647, 0.628917, -0.506707
-0.187369, -0.462645, 0.792146
-0.770638, 0.64761, 0.244167
-0.588698, -0.44775, -0.624108
-0.860624, -0.463997, -0.264019
0.375849, -0.798065, -0.37739
0.0484135, 1.0387, 0.158195
-0.931754, -0.276311, 0.172036
0.254545, -0.732414, -0.602869
0.255602, -0.302231, -0.931881
0.0437409, 0.31823, -0.958217
-0.785784, -0.0989613, -0.604597
-0.938386, -0.0265325, -0.157652
-0.34828, -0.376085, 0.808496
-0.220771, 0.76331, 0.63258
-0.47411, -0.140375, -0.923065
-0.726745, 0.616467, -0.0153244
0.9366, 0.382408, -0.172344
0.609714, 0.733216, 0.169957
-0.500895, -0.715502, 0.466871
-0.348459, -0.631503, -0.650862
-0.583945, 0.755155, 0.229511
-0.218562, 0.0467296, -0.979402
0.684773, 0.116549, -0.679875
0.608752, -0.516927, -0.643533
-0.829862, 0.57611, 0.193155
-0.822157, 0.340551, 0.535522
-0.0391503, -0.0158501, -0.951374
-0.0598247, -0.708228, 0.745666
0.726962, 0.272107, -0.688008
-0.574546, -0.853167, -0.185266
0.981529, 0.306726, -0.146008
-0.870485, 0.308182, 0.29295
0.906266, -0.0875368, -0.487143
-0.168769, 0.525739, -0.82427
-0.239605, 0.889651, -0.381713
-0.906082, -0.102907, 0.314296
0.619304, 0.745278, 0.127746
0.331802, 0.266402, 0.884116
-0.505138, 0.839998, 0.324831
0.534615, 0.670299, -0.561188
-0.206643, 0.445854, 0.845931
-0.895763, -0.116348, 0.222535
-0.103215, -0.812283, -0.543351
-0.806481, -0.323001, 0.509739
0.878967, 0.230374, 0.391825
0.276132, 0.251054, -0.938973
0.412517, 0.922685, -0.231182
0.415993, -0.416313, -0.785683
-0.339695, 0.188109, -0.897866
-0.524177, -0.779693, -0.273025
0.405978, 0.456151, 0.829625
-0.617843, -0.276541, -0.743343
0.199679, 0.956552, 0.0370438
0.814918, -0.568503, -0.147758
-0.0419136, 0.968973, 0.410722
0.123328, -0.202894, -0.966183
0.0755354, -0.945173, 0.436252
-0.462999, 0.863732, -0.421184
0.745707, -0.154043, -0.605574
0.751138, 0.195912, 0.541999
-0.894409, -0.309773, 0.230357
0.282114, -0.934665, 0.272806
0.370936, 0.221719, -0.946653
0.959144, 0.193917, 0.0598887
-0.111012, -0.727615, -0.635181
-0.0409605, 1.01871, 0.135469
-0.80584, -0.206713, -0.50161
0.556604, 0.292161, -0.824379
0.248388, 0.21013, -0.963745
-0.81526, -0.509455, -0.331918
-0.0859679, -0.469281, -0.943289
-0.729005, -0.673103, -0.0956763
0.77922, 0.0976541, -0.551466
0.446304, -0.633577, 0.643717
0.76303, -0.622957, -0.178634
-0.289474, -0.385097, -0.833728
-0.0518556, -1.01561, 0.0981913
1.00788, -0.0201069, -0.164378
-0.803637, -0.171055, 0.457767
-0.664692, -0.567424, -0.550802
-0.0528944, -0.793353, -0.647966
-0.850817, 0.42343, -0.323126
-0.493418, -0.233144, -0.833838
-0.0222155, -0.796991, -0.603529
0.47634, -0.457096, -0.703381
-0.378299, -0.863066, 0.346915
0.349987, -0.85154, 0.397516
-0.713345, -0.734535, -0.177513
-0.742943, -0.442305, 0.480078
0.847591, -0.437937, 0.0367712
-0.370579, 0.771906, -0.541794
0.16676, -0.663721, -0.739887
-0.183338, -0.689044, -0.706594
0.186901, 0.174347, -0.976529
-0.867895, -0.0537372, 0.460746
0.114257, -1.0322, 0.0206794
-0.45352, 0.814089, -0.419521
0.364419, -0.186201, -0.974557
-0.54215, 0.481202, -0.634902
-0.461351, -0.827086, 0.0393289
-0.283108, 0.539355, 0.781174
0.703568, -0.439936, -0.551408
0.745459, -0.18165, 0.542183
-0.875218, -0.367038, 0.0976426
0.120173, 0.957885, -0.275462
0.718666, 0.16724, 0.65675
-0.206278, -0.570821, -0.814912
0.915964, 0.248593, 0.231075
-0.606421, -0.65799, 0.329242
-0.726245, 0.311683, 0.596565
-0.519186, 0.681141, -0.630003
0.73575, -0.587052, -0.457196
0.402885, 0.255466, -0.897943
0.134209, 0.351081, -0.835797
-0.624219, 0.727811, 0.229544
0.999774, 0.0203435, 0.0206705
-0.0225212, -0.445815, 0.899763
-0.906618, 0.51186, -0.00939947
-0.378163, 0.0818365, 0.887659
-0.895497, -0.0723535, -0.231069
-0.017554, -0.747326, -0.724269
0.922943, -0.431655, -0.220632
-0.815416, 0.405381, -0.54933
0.495214, 0.823719, 0.205791
0.0550323, -1.00819, 0.185191
-0.662303, -0.619598, 0.368463
-0.451744, 0.674175, -0.617202
0.0483966, -0.348578, 0.944257
0.0287858, 0.929263, -0.490237
0.795682, 0.0101721, 0.6402
-0.61392, 0.550528, -0.633819
0.217349, -0.864748, 0.534406
0.365641, 0.578584, 0.678543
0.503627, -0.779012, 0.420416
-0.447417, -0.489828, 0.730981
0.591513, 0.672652, -0.502822
-0.651316, -0.392438, 0.692509
0.630641, 0.780222, 0.070401
-0.575237, -0.512265, -0.593331
-0.407299, -0.904629, 0.17493
0.797965, -0.0102938, -0.60007
-0.608834, 0.481524, 0.59668
-0.380247, 0.153269, -0.901368
-0.787452, 0.638761, 0.236287
0.941231, 0.301363, 0.340112
-0.653479, -0.52003, 0.522236
0.951715, -0.158602, -0.0516565
-0.151981, 0.791008, -0.552327
-0.608134, 0.0763631, -0.734474
0.445233, 0.0394622, 0.912657
0.365767, 0.308339, -0.825025
-0.715253, -0.502717, -0.519298
0.416486, -0.744977, -0.530789
0.83204, -0.31415, 0.508054
-0.996156, 0.190223, 0.243155
0.10076, -0.754011, -0.680404
0.124947, 0.814082, 0.574585
0.700766, -0.523336, -0.490741
0.306476, -0.0578372, -0.915684
-0.28174, -0.969847, -0.234725
-0.920943, -0.420434, 0.00646157
0.705159, 0.564835, 0.432058
0.0621088, -0.949007, 0.305153
0.280482, 0.341864, -0.86895
-0.621453, -0.256807, -0.733076
0.831416, 0.529856, -0.0113693
-0.818392, 0.526296, 0.0344113
0.411306, -0.0141401, -0.864659
-0.466003, -0.782403, -0.324578
-0.0391619, 0.448831, -0.853318
-0.955808, -0.204059, 0.0577213
-0.386244, 0.96427, -0.176685
-0.479602, -0.492505, 0.714753
-0.560108, 0.0598681, -0.79634
0.624794, 0.386465, -0.68262
-0.0483194, -1.03932, -0.0403999
0.448564, 0.466275, 0.752308
0.163898, -0.390158, -0.892689
-0.458811, 0.871474, 0.238708
0.171509, -0.833603, 0.429205
0.482345, 0.925692, 0.0136783
-0.352708, -0.957586, -0.317102
0.946655, 0.370208, -0.123331
0.237051, -0.00723166, 0.999247
0.229853, 0.426193, 0.832265
-0.618588, -0.255295, -0.757943
-0.89648, -0.37205, 0.159977
-0.227581, 0.196357, -0.911206
-0.337764, 0.185311, -0.929525
-0.870726, -0.244215, 0.361298
0.819042, -0.358167, -0.441782
-0.651912, -0.748988, -0.0349653
-0.901147, 0.165576, 0.462568
0.0309071, 1.03293, 0.115535
-0.0338248, -0.992167, 0.198787
-0.172231, -0.805759, -0.537271
0.529672, 0.150956, -0.837653
-0.0912484, 1.01008, 0.0885849
0.127793, 0.432278, -0.854196
-0.374469, 0.808452, 0.3478
-0.557514, 0.405475, 0.67218
-0.829764, -0.579883, -0.165164
0.660366, -0.691845, 0.163609
-0.989818, -0.177151, -0.125999
0.503435, 0.16971, -0.811151
-0.286962, 0.622446, -0.794219
-0.286379, -0.221342, -0.886499
0.1549, 0.307431, 0.892122
-0.9261, 0.358858, -0.017246
0.420039, -0.549896, -0.684146
0.206797, -0.804379, 0.605267
0.486395, -0.745898, 0.448924
-0.252784, 0.0044875, 0.927796
0.562816, 0.459804, 0.589228
0.158357, 0.28951, 0.900903
-0.0502597, -0.488649, -0.886921
0.599829, 0.304534, 0.690586
-0.161368, -0.112038, -0.951825
-0.722608, 0.100672, -0.704647
-0.586036, -0.465618, 0.60676
0.75566, 0.613752, -0.313387
-0.96361, 0.0316893, 0.234801
0.277506, 0.25447, 0.898433
-0.542471, -0.605604, -0.549152
0.362948, 0.856279, -0.310753
-0.155243, 0.710945, 0.686276
-0.664959, -0.24314, 0.697142
0.475173, 0.449535, -0.762046
0.561435, -0.474607, -0.668607
0.733261, -0.575592, -0.162936
0.28688, -0.885699, -0.367075
0.0176553, 0.0448575, -0.959068
0.014061, 0.779938, -0.606289
-0.219643, 0.946258, -0.323542
-0.776633, 0.528102, -0.247834
0.302878, 0.536396, -0.789525
-0.146594, 0.220899, 0.951743
0.736044, -0.552758, -0.279196
-0.105691, -1.0183, -0.1928
0.831593, 0.457191, 0.347942
-0.165829, -0.0375005, -0.993083
-0.985795, 0.0999482, -0.0708665
-0.21283, 0.321351, -0.904331
0.383872, 0.539381, -0.748812
0.662871, -0.471308, -0.520364
0.335351, 0.392592, -0.849152
0.274253, -0.97667, 0.134715
0.865207, 0.407991, 0.190026
0.116487, 0.984005, 0.299044
-0.796955, 0.432067, 0.219141
-0.627297, 0.153009, 0.750267
-0.944339, -0.0852837, 0.127729
-0.0331552, -0.923056, -0.455457
-0.717091, -0.581655, 0.377353
-0.374154, 0.473361, -0.81096
-0.936162, 0.121996, 0.180069
0.786528, 0.0902041, -0.537301
0.75479, -0.156263, -0.641306
0.782455, 0.297657, 0.425772
-0.486741, -0.776348, -0.332322
-0.605334, 0.184576, -0.821548
-0.432362, -0.675832, -0.657852
-0.139636, -1.00481, 0.0508259
0.0693053, -0.790508, 0.542064
-0.0100854, -0.802497, -0.542568
-0.491452, 0.828866, 0.382095
0.26268, 0.778164, 0.564317
-0.046517, 0.956776, -0.230932
-0.266495, 0.853511, 0.461442
-0.900742, 0.313635, 0.193392
0.625311, 0.731479, -0.222842
0.291316, -0.841832, -0.385551
-0.14941, 0.693718, -0.647067
0.435158, -0.348052, -0.891251
0.200273, -0.693406, -0.722806
0.444016, 0.668511, -0.667369
-0.840695, 0.482256, -0.174539
0.816678, -0.188687, -0.513399
0.614795, -0.74253, 0.40484
0.581483, -0.198376, 0.777651
-0.663513, -0.156423, -0.826334
-0.103172, -0.573988, 0.81826
0.230177, -0.74716, 0.558769
-0.838796, 0.403409, 0.388823
-0.233668, 0.954689, -0.378389
0.793832, -0.517488, -0.321934
-0.19146, 0.109852, -0.953944
-0.680688, -0.629012, 0.480966
-0.0784914, 0.424857, 0.915694
-0.0300819, 0.246802, -0.921026
-0.662418, 0.633283, 0.422352
-0.192245, -0.134768, 1.00785
0.432281, 0.0144946, -0.903565
-0.459367, -0.948414, -0.0364951
-0.889114, 0.15103, -0.490481
-0.126583, -0.885227, -0.428702
-0.340785, -0.539886, 0.821183
0.530457, 0.612072, 0.60475
-0.659034, 0.739599, 0.0281365
0.220382, -0.612965, -0.747299
-0.898519, 0.349062, 0.22617
0.53459, 0.729609, -0.284607
-0.0388514, 0.686828, -0.757297
0.843122, -0.301764, 0.493481
0.587016, -0.725555, 0.362299
-0.624804, 0.733341, -0.154948
0.334373, 0.60565, -0.782217
0.347138, 0.925006, 0.201823
0.49472, -0.785525, 0.289464
-0.0817329, 0.410495, -0.911741
0.616504, -0.290745, 0.806654
-0.695048, 0.600781, -0.312377
0.192322, 0.169254, 0.937094
-0.105472, -0.899526, -0.485842
0.158649, -0.0284137, 0.914725
-0.809069, -0.316227, -0.587139
0.337134, -0.250891, -0.925065
0.778196, 0.576763, 0.0249632
0.278113, 0.30599, -0.888407
-0.872267, 0.154363, 0.489476
0.854096, -0.427959, 0.0995981
-0.339857, -0.431176, 0.892297
-0.21246, 0.945319, -0.268734
0.033106, 0.987252, 0.0191441
-0.757247, 0.399211, -0.559518
-0.540838, 0.798516, -0.0165976
-0.348256, -0.909175, -0.344027
-0.0738813, -0.954952, 0.20342
0.283238, -0.871951, 0.452927
0.14966, 0.566259, -0.804272
0.570646, 0.849865, 0.0384614
-0.0593465, 0.55941, 0.765501
-0.692943, 0.244315, -0.66178
0.329165, -0.849018, 0.222184
-0.635411, 0.808009, 0.0210818
0.00086705, 0.872857, -0.478817
0.599882, -0.459031, -0.698311
-0.566393, -0.778584, -0.325453
-0.950786, -0.302507, -0.110119
0.84378, 0.52179, 0.122746
0.958706, -0.274166, -0.244771
-0.983763, 0.302504, 0.0963357
0.513603, -0.667807, 0.579391
0.450694, 0.713897, 0.527537
0.11983, 0.280952, -0.970747
0.353462, 0.90613, 0.182253
-0.479117, -0.427638, -0.65088
-0.535557, 0.833452, -0.33353
0.829555, 0.252646, 0.532321
-0.859518, 0.275875, 0.477677
0.0194608, 1.03657, -0.0343133
-0.160112, -0.916619, 0.412626
-0.290416, 0.00640909, -0.975158
0.282502, 0.942334, -0.32246
0.271196, 0.639679, 0.700723
0.0449282, -0.422899, -0.87825
-0.33376, 0.847401, 0.339665
-0.908285, 0.419626, -0.140145
0.125939, -0.280017, -0.897535
-0.659624, 0.647721, -0.527761
-0.800645, 0.292392, 0.367929
-0.366873, -0.0173951, -0.920219
0.874262, -0.359011, -0.366406
0.0932464, -0.16612, -1.0533
0.879159, 0.350943, 0.275028
-0.362814, 0.931308, -0.165924
0.347057, 0.516601, -0.821355
0.495852, 0.877109, 0.0327325
0.596331, 0.403595, 0.649587
-0.727794, 0.156282, -0.621514
-0.226503, -0.966959, -0.0560981
-0.529567, -0.794607, 0.167317
-0.962225, -0.0295315, 0.271597
0.681531, -0.329116, -0.659454
-0.697118, -0.657294, 0.286624
-0.490574, -0.72206, 0.541882
0.589441, -0.647979, 0.392319
-0.0813476, -0.529746, 0.840675
0.0185602, 0.852953, 0.469718
-0.991504, -0.228165, 0.0966856
-0.0292266, -0.456222, -0.843847
-0.219598, 0.586802, -0.717565
1.00666, 0.0587042, -0.268558
0.704027, 0.765521, -0.139834
-0.220901, 0.985773, -0.142594
0.516699, -0.38916, -0.826578
0.0332343, -0.427279, 0.89079
-0.380709, -0.042684, 0.867336
0.515616, 0.341077, -0.722905
-0.650055, -0.67271, 0.360084
-0.34492, 0.796311, 0.517031
0.543079, 0.453952, 0.69015
0.302441, 0.559487, 0.774908
0.812325, -0.482422, 0.246423
0.263952, 0.901088, 0.00127396
-0.324263, 0.602211, -0.801299
-0.0583017, -0.168311, 0.937197
-0.547667, -0.797388, 0.16944
0.208892, -0.313234, 0.900728
-0.870408, 0.3308, -0.335626
1.02588, 0.0651817, 0.0296936
0.466255, -0.485984, -0.710727
0.316484, -0.78215, 0.430102
-0.358352, 0.818132, -0.378972
-0.0775078, -0.133282, 0.990621
0.917151, 0.267395, 0.267662
-0.0273774, 0.682522, 0.732437
0.510868, -0.0980338, -0.806332
0.890635, 0.285726, -0.456654
-0.617959, -0.397555, -0.639019
0.441923, 0.774173, -0.3685
0.11754, -0.952455, 0.0559833
0.366018, -0.857042, -0.476076
0.0712012, -0.930072, -0.402202
-0.879692, -0.506472, 0.0149238
-0.786785, -0.166194, -0.593628
-0.309497, 0.874143, 0.311076
0.46784, 0.120074, -0.874659
-0.607373, -0.0694356, 0.857538
-1.01766, -0.0807632, -0.207012
0.414893, 0.784479, 0.471923
-0.88061, 0.428629, 0.239852
-0.132106, -0.580598, 0.801269
0.00847406, 0.930673, 0.242773
0.70178, -0.425059, -0.620014
-0.56131, -0.464448, -0.67093
0.397407, 0.847703, -0.318555
-0.989095, -0.165918, -0.0617386
-0.710558, 0.292728, 0.595413
0.619625, -0.130075, -0.746976
0.372121, 0.904687, -0.266543
0.887025, -0.409845, 0.0173987
-0.332589, 0.666939, 0.653092
-0.0327123, 0.924899, 0.385316
-0.874911, 0.479803, 0.115798
0.851685, 0.393283, 0.119124
-0.781788, 0.219341, -0.518069
-0.708686, 0.792045, -0.230787
0.512602, -0.823646, -0.158626
0.0480253, 0.837731, -0.576707
-0.0617663, -0.540596, 0.764543
0.539598, -0.828663, -0.0245322
-0.656474, -0.380122, -0.655234
-0.511029, 0.351945, 0.703304
0.201142, -0.487492, 0.823841
-0.839086, 0.653946, 0.000934104
-0.203361, 0.326823, -0.932755
0.00110853, 0.925174, 0.354912
0.587363, -0.77067, -0.2581
0.355543, -0.439833, 0.846008
0.257476, -0.655917, 0.655792
0.560641, 0.834646, -0.0641298
0.296524, 0.304814, 0.859804
-0.363905, 0.936762, -0.201269
0.546808, 0.534451, 0.646311
0.652995, 0.0235544, 0.801467
0.562869, -0.0275958, -0.865794
-0.602957, 0.794503, 0.0460067
0.391483, 0.247776, -0.871834
0.607625, -0.794297, 0.185445
-0.959056, 0.0681877, 0.0561629
0.462843, -0.745582, -0.517968
-0.820762, -0.530032, -0.0435843
0.936529, -0.175235, 0.0767449
-0.686652, -0.66849, -0.25851
-0.712164, 0.281811, -0.687345
-0.13773, 0.949819, -0.393268
-0.691495, 0.643871, 0.163714
0.568827, -0.802719, 0.21448
-0.284318, -0.70774, 0.681032
-0.787327, -0.246758, 0.534449
0.280426, -0.929472, 0.145226
-0.305185, 0.946742, 0.0997188
0.876322, -0.306719, 0.42277
-0.538659, -0.769553, 0.274195
-0.77025, 0.455081, -0.43248
-0.479554, 0.813034, 0.263503
0.759411, 0.568625, 0.187391
0.621486, -0.239371, 0.80063
-0.825315, 0.387975, -0.485822
-0.535247, -0.75783, -0.335758
-0.38754, -0.324645, -0.794638
-0.888557, 0.0975402, -0.416205
-0.75271, 0.353609, -0.558976
0.607745, 0.632931, 0.479561
-0.509344, -0.896597, 0.0621306
0.0205305, -0.872396, 0.401988
-0.0531597, 0.767292, 0.588168
-0.619056, 0.374214, -0.602478
0.630013, -0.575717, -0.468561
-0.829648, 0.461471, 0.00530441
0.964752, -0.0689365, 0.116285
-0.3893, 0.540871, 0.742613
0.326533, -0.212359, 0.882714
0.218191, -0.444775, 0.831678
0.846778, -0.420746, -0.363787
0.668425, 0.697323, 0.325105
-0.24083, -0.808339, -0.560704
0.25835, -0.872557, -0.38888
0.562517, 0.761153, 0.246076
0.656971, -0.696156, 0.0481017
0.633856, -0.811035, 0.165628
0.378365, 0.388672, 0.868275
0.314242, -0.39011, -0.809296
0.404967, 0.809005, -0.43523
0.489946, 0.768219, 0.405455
-0.98026, -0.14, 0.372716
-0.264011, -0.0433919, -0.958675
0.177158, 0.0357151, -1.01807
-0.859586, 0.250007, 0.314578
-0.392843, 0.581852, 0.758094
-0.796798, 0.594767, 0.229955
0.43961, -0.547379, -0.607295
-0.876422, -0.102625, 0.453584
-0.290484, -0.77759, 0.503234
0.247197, -0.891873, 0.333436
-0.732626, -0.369134, 0.573187
-0.188936, 0.500467, 0.774703
-0.557419, -0.39789, -0.757845
0.965611, 0.30019, 0.169153
0.470185, -0.172636, -0.845073
-0.0707754, -1.02479, 0.176056
0.119273, -0.790209, -0.606537
0.329883, -0.877527, -0.285821
-0.977334, -0.087095, 0.152502
-0.646025, 0.138201, -0.797578
0.276077, 0.279647, 0.861651
0.319154, 0.595267, -0.73439
0.701766, -0.240645, -0.63106
0.63912, -0.27527, 0.731383
0.606537, 0.508567, -0.630311
0.822924, 0.601971, -0.1155
-0.613853, -0.600155, -0.49324
-0.513644, -0.255655, -0.831938
-0.180182, -0.876891, -0.418774
0.322541, 0.858967, 0.420679
-0.769109, -0.251562, -0.626455
0.467962, -0.504915, 0.719495
0.817514, 0.360406, -0.448426
0.34638, -0.927348, 0.347162
-0.397617, 0.895853, 0.311987
-0.921194, 0.0879839, 0.406579
0.495678, 0.835581, -0.142266
-0.802698, -0.00547557, -0.629569
-0.596258, -0.80237, -0.349489
-0.097549, -0.641043, -0.736296
-0.775374, 0.49213, -0.458185
0.103694, 0.265199, 0.969972
-0.895364, 0.071787, -0.447886
0.948622, -0.15072, -0.425201
0.206189, 0.950692, 0.370036
-0.782973, 0.579975, -0.272912
-0.225264, 0.438221, -0.863852
0.286809, 0.175044, 0.940855
-0.2839, 0.632738, 0.71025
-0.705335, -0.310717, -0.578097
0.987471, -0.0670625, -0.355185
-0.995562, -0.0915126, -0.0986735
0.443216, 0.740243, -0.512783
-0.343591, -0.471827, -0.819999
0.0593672, -0.33672, -0.904367
0.118901, 0.749867, 0.682156
0.824377, -0.0816637, -0.613575
0.475599, -0.776041, 0.176893
0.183121, -0.938536, -0.287038
0.823253, -0.116997, 0.473712
-0.128628, -0.630609, 0.781524
-0.02415, -0.994322, 0.0862089
-0.251919, 0.167202, -0.978636
-0.687111, -0.620176, -0.354062
0.234224, 0.581678, 0.736045
0.67636, -0.0530947, 0.719842
0.680539, -0.462172, -0.548006
0.845878, 0.291678, 0.37294
0.822275, -0.3148, -0.500328
-0.445825, -0.667329, -0.542525
0.512672, -0.785303, 0.289218
0.0201255, 0.999792, -0.188275
-0.27707, -0.166232, -0.934436
0.528009, -0.73823, 0.382897
0.691255, -0.772326, 0.104405
-0.719514, 0.34556, -0.485769
-0.792852, 0.462807, 0.377956
-0.783226, 0.495966, -0.39486
0.300956, -0.362228, -0.871399
0.941973, 0.322186, -0.238151
-0.0840612, 0.905793, 0.478488
-0.441568, -0.149004, -0.863753
-0.828003, -0.503167, -0.0193601
-0.293846, 0.95465, -0.0118669
-0.820422, -0.482562, 0.307443
-0.540744, 0.396772, -0.756876
-0.347504, -0.336596, -0.815653
0.0286039, 0.741287, -0.656328
0.826178, -0.125541, 0.514716
-0.185456, -0.58137, 0.765757
-0.306197, 0.895233, 0.271157
0.643559, 0.620827, 0.432015
0.857617, 0.499814, -0.193078
0.161943, 0.426746, -0.964839
-0.212122, -0.891865, -0.378879
-0.503259, 0.756284, 0.288481
0.57934, 0.451202, 0.642534
0.548203, 0.556252, 0.665904
0.217208, 0.466196, -0.900751
0.765403, -0.234108, 0.694215
-0.509588, 0.103896, -0.885054
-0.754599, 0.367514, 0.525195
0.725988, 0.485483, 0.436656
-0.812982, -0.0590514, -0.582457
0.372977, -0.256798, 0.906388
0.61519, 0.250709, -0.706763
-0.968404, -0.2503, -0.0778538
-0.356918, -0.898372, -0.226651
-0.661384, 0.36889, 0.607061
-0.836899, 0.347185, 0.363957
0.0498117, 0.624866, 0.704342
-0.274695, 0.199592, 0.930876
0.352451, 0.833068, 0.372695
0.0496223, -0.825011, -0.586253
0.0918706, 0.55986, -0.816033
0.753617, -0.693283, 0.0747293
-0.511502, -0.835456, 0.134685
0.660892, 0.34701, -0.684211
0.0268605, 0.648428, 0.787002
-0.395998, -0.869041, 0.370646
-0.552582, -0.73313, -0.48303
0.458333, -0.567192, 0.716639
0.664663, -0.126931, 0.747838
-0.47458, 0.824434, 0.142343
0.589343, 0.0985446, -0.793506
-0.855274, 0.125992, 0.422584
0.923204, -0.243827, -0.419096
0.0235851, 0.783236, 0.612037
0.416261, -0.167492, 0.875682
-0.609687, 0.220253, -0.76455
-0.331311, 0.909811, -0.112459
-0.470341, 0.878375, 0.228721
-0.779936, 0.486609, -0.375701
0.344956, 0.884115, 0.353919
-0.810399, 0.490023, 0.403017
0.9783, -0.145664, 0.213701
-0.42122, -0.646717, 0.671897
0.264548, 0.697111, -0.695641
0.519158, -0.656626, -0.608377
-0.379628, -0.608084, -0.716089
0.790417, -0.449431, 0.459137
-0.663187, 0.776034, 0.243699
-0.345744, -0.896738, -0.122926
0.751481, 0.578949, -0.334663
0.104192, -0.671536, 0.762657
-0.493477, 0.431719, -0.712733
0.493897, -0.0852192, 0.849118
0.926556, -0.381951, 0.237487
0.195221, -1.02059, 0.00537314
-0.0689526, 0.539155, -0.866609
0.955842, 0.305301, -0.049769
0.749373, -0.506392, -0.430391
0.485133, 0.876376, 0.280611
-0.260136, -1.00273, -0.183996
-0.047363, 0.977055, 0.194348
-0.845878, -0.343843, -0.320463
-0.102008, 0.979592, -0.00497071
0.576279, -0.0522897, -0.870085
-0.820884, 0.359822, -0.451886
0.919777, 0.0185483, -0.462444
-0.287722, 0.96302, -0.153632
0.170932, 0.854521, 0.368383
0.893071, 0.0413291, -0.509155
-0.0866721, -0.265342, 0.936999
-0.877277, -0.245326, -0.455689
-0.0315827, -0.839731, -0.460059
0.442053, 0.880308, -0.171661
-0.776181, -0.0825791, -0.658276
-0.02293, -0.997728, -0.176132
-0.536402, 0.650886, -0.562722
0.34816, -0.520357, 0.758906
0.584667, -0.566142, -0.604774
-0.81947, 0.0583349, -0.626033
0.224608, 0.188903, -0.952233
0.291846, -0.0971558, 1.01433
-0.548872, -0.616369, -0.639362
-0.948251, 0.0294379, -0.307132
-0.728125, 0.707981, -0.270982
0.343696, 0.692046, -0.62986
0.310794, -0.363138, -0.924013
0.829724, -0.137613, 0.559077
0.0976988, -0.503612, -0.880748
0.472835, -0.876707, 0.132018
0.85313, 0.444369, 0.196698
-0.983694, -0.161096, 0.176392
0.87365, 0.404824, -0.182935
-0.531174, 0.423196, 0.792986
0.11711, -0.757423, 0.556431
0.473532, -0.178962, -0.844112
-0.670455, 0.11678, -0.729019
-0.577052, -0.783357, 0.25662
0.660722, 0.702999, -0.292306
0.762662, 0.233434, -0.618115
0.273189, -0.9867, 0.21848
0.243569, 0.028194, 0.98044
-0.122325, -1.00252, -0.0104294
-0.892721, -0.316893, 0.177135
0.947577, -0.188312, 0.142015
0.958858, -0.224455, -0.0321324
0.624747, 0.284156, 0.75563
-0.176219, -0.976948, 0.263126
0.59679, -0.605745, -0.43633
-0.765156, 0.482491, -0.328357
-0.0283525, 0.665872, -0.647254
-0.772014, 0.671299, 0.132772
-0.644958, 0.680173, -0.458827
0.33398, -0.903225, -0.181294
0.0810558, -0.405928, -0.890267
0.369994, -0.0943558, -0.871761
-0.45143, -0.0226569, 0.855523
-0.660372, -0.772364, 0.117455
-0.518323, 0.323443, -0.706361
-0.341264, 0.227656, 0.867854
0.736718, 0.525282, 0.415688
-0.233694, -0.189292, -0.927079
-0.967235, -0.252868, 0.167378
0.188576, -0.0825406, -0.950884
0.170663, -0.00750578, 0.960339
0.295739, 0.759282, -0.469603
0.796808, 0.563116, 0.00880081
-0.730895, 0.217548, 0.651907
-0.888046, 0.505242, -0.0167063
0.619485, 0.0777265, 0.748917
0.614383, -0.567657, -0.58826
-0.384049, -0.777026, -0.396762
-0.608838, -0.693342, -0.18089
-0.934604, -0.279755, 0.221684
0.375159, -0.881459, -0.0321557
0.728983, 0.686481, 0.0482835
-0.318108, 0.938588, 0.251216
0.459347, -0.732824, -0.414105
-0.541857, -0.847467, -0.116502
0.0269665, 0.83835, -0.47953
0.279662, -0.91981, 0.0980427
-0.516474, 0.838241, -0.174204
0.882539, -0.508978, 0.127476
0.224707, -0.26513, -0.922258
0.813403, -0.384291, 0.416549
0.141324, 0.280292, 1.00085
-0.922291, -0.293015, 0.293288
0.181935, 0.899534, -0.239753
0.905657, -0.241213, -0.457702
0.290352, 0.855292, -0.43003
-0.119041, -0.982302, -0.0620362
-0.935072, 0.275667, 0.316761
-0.296409, -0.870361, 0.372383
-0.632992, 0.462104, -0.590466
0.159043, 0.907308, 0.460173
0.275004, -0.829696, 0.372073
0.964744, -0.285501, -0.0770391
-0.841356, -0.430806, 0.346496
-0.996494, -0.0143571, -0.118017
0.804, -0.64574, -0.0869297
0.560757, -0.488061, -0.617694
0.580541, -0.857115, 0.0393378
-0.0435013, -0.0125683, 0.959755
0.0653149, -0.858896, -0.601263
0.466292, 0.73608, -0.564238
0.484533, 0.811086, -0.223482
0.669111, -0.00423553, 0.683766
0.389919, -0.907756, 0.186333
0.308, 0.0900869, -0.933226
-0.302489, -0.963131, -0.112383
-0.917238, -0.0935082, -0.466223
0.235492, -0.862816, 0.516481
-0.497739, -0.908335, -0.116767
0.230825, -0.344697, -0.948769
0.0466454, -0.995978, 0.0659481
-0.141927, 0.98013, 0.161953
-0.964124, -0.288969, 0.0783844
-0.343775, 0.914659, 0.352069
0.297709, 0.751772, 0.485396
0.456345, 0.438761, -0.764488
0.710032, 0.654968, -0.258993
-0.24387, -0.60637, 0.801166
0.553068, 0.818348, 0.329274
0.268013, 0.40081, 0.864875
0.258016, 0.977969, -0.0738199
0.147644, 0.156962, 0.977606
0.838704, -0.148481, 0.355628
-0.727624, 0.332026, 0.570869
0.660661, -0.454189, -0.607014
0.466966, -0.496193, -0.781105
0.595336, -0.749406, 0.122823
-0.260126, 0.406314, 0.854511
-0.514524, -0.528007, 0.584726
-0.240766, -0.125398, 0.903491
-0.258407, 0.41568, 0.913593
-0.883656, 0.362173, -0.106518
0.0806531, -0.4573, 0.851198
-0.771482, -0.376554, -0.488123
0.60694, -0.799279, -0.312648
0.168145, 0.916254, 0.413604
0.844765, 0.411388, 0.321402
-0.370106, -0.642163, 0.657692
0.957939, 0.11733, 0.216471
-0.265776, -0.982478, -0.22013
-0.577173, 0.810531, 0.339626
-0.730809, -0.156884, 0.733477
-0.78917, 0.152018, 0.580479
-0.905675, -0.374499, 0.103804
-0.3689, -0.841197, -0.280315
-0.609137, 0.775398, 0.221047
0.427708, -0.0418895, -0.91231
-0.941214, 0.00411503, 0.350479
-0.36962, -0.794706, 0.443179
-0.319745, 0.736018, -0.610193
-0.518453, 0.592317, 0.57801
-0.0263573, -0.684335, -0.658565
-0.300918, -0.828203, 0.528498
0.718586, -0.301263, 0.593943
0.593655, -0.777887, -0.136918
0.669234, -0.784546, 0.0922817
0.310908, -0.894057, -0.440128
0.627057, 0.213014, 0.686789
-0.926048, -0.430856, -0.203067
0.585249, -0.334015, -0.754213
0.514933, 0.661532, 0.428189
-0.647691, 0.732502, 0.00725034
-0.198558, -0.888532, 0.283651
-0.208117, 0.98057, -0.0289302
-0.31748, 0.320688, -0.873405
0.0827124, -0.594932, 0.811465
0.0272784, 0.176636, 0.969991
0.682865, -0.318122, -0.624249
-0.668381, -0.598388, 0.416115
-0.883207, -0.0700745, -0.498334
-0.723776, 0.617489, 0.403513
0.286007, 0.809119, -0.512355
-0.440804, 0.788005, -0.329014
-0.692181, -0.572487, -0.364671
0.0714547, -0.508701, 0.857213
0.156287, -0.758331, 0.628474
-0.274908, 0.860474, -0.52825
0.816942, -0.596257, -0.147376
0.823257, -0.544742, 0.00833306
-0.339663, 0.591743, -0.682757
0.731412, 0.629846, -0.282123
0.0728334, -0.204186, -1.005
0.0877022, -0.488637, -0.892761
-0.235923, 0.914825, 0.199451
-0.0225252, -0.902029, 0.442538
0.613147, 0.581138, -0.592259
-0.0133958, -0.909894, 0.435361
-0.608064, -0.578175, 0.5671
-0.0341755, -0.917734, 0.344418
-0.447261, 0.708985, -0.570392
0.700289, -0.192664, -0.663736
0.543223, 0.85954, -0.168126
0.11922, -0.026695, 0.958552
0.494991, -0.628302, -0.627639
0.0336092, 0.116252, -0.97524
-0.0613459, -0.995459, 0.00658254
0.529249, 0.33724, 0.817629
-0.861831, -0.450541, 0.0820883
-0.504594, 0.243672, 0.796207
0.713728, 0.734661, -0.0264294
-0.773552, 0.0409027, 0.643536
-0.319903, -0.94071, -0.216905
0.608917, -0.736426, -0.207567
-0.153612, -0.445676, -0.926695
-0.693522, 0.657809, -0.256346
0.667962, 0.40156, -0.561813
-0.426218, 0.44194, -0.786174
0.436966, 0.858742, 0.276383
-0.0852942, -0.808014, -0.57097
0.894614, 0.0568962, 0.355488
-0.823348, 0.314338, 0.537151
-0.873057, 0.358376, 0.369983
0.16929, -1.00518, 0.0882123
-0.225375, 0.128933, -0.958788
-0.441529, 0.651442, 0.582739
0.446336, 0.814824, 0.396642
-0.57157, -0.16696, 0.819026
0.852656, -0.48169, 0.203429
0.832379, -0.321575, 0.213799
0.784122, 0.50473, -0.167613
-0.649804, -0.119592, -0.766042
-0.70417, -0.581066, 0.255086
0.0171356, -0.607768, 0.793339
-0.306334, -0.125183, -0.979361
0.640878, 0.309995, 0.68445
-0.71127, -0.469016, 0.580824
0.32752, -0.400509, 0.873888
-0.476229, -0.177007, 0.883295
0.197398, -0.486183, 0.766493
-0.202939, 1.00657, 0.157674
0.566331, -0.796367, 0.100625
0.281406, 0.270895, 0.895617
-0.493313, -0.331536, -0.801198
0.348087, -0.161842, 0.876574
0.684235, 0.767531, 0.112144
-0.0656099, 0.747212, -0.642634
-0.303899, -0.358995, 0.912967
0.495314, 0.910559, 0.13559
0.273681, -0.469977, 0.840932
0.395063, -0.954616, -0.30159
0.916231, -0.142193, 0.361627
-0.127159, 0.272764, 0.982768
0.534798, 0.793289, 0.352417
-0.0150917, -0.297135, -0.94076
0.481396, -0.254956, -0.881786
0.758205, -0.198611, 0.60384
0.26193, -0.959275, 0.0877253
-0.244899, 0.189922, -0.955371
1.00533, 0.137013, 0.220683
-0.316055, 0.203327, -0.959345
-0.253515, -0.826122, 0.486377
0.315357, 0.890496, 0.155564
-0.373416, -0.646172, 0.670746
0.446726, -0.267596, 0.858406
0.947588, -0.223149, 0.142644
0.0835822, 0.168924, -0.971953
0.531348, 0.795357, 0.157856
0.962444, 0.252535, -0.166948
0.672174, -0.700664, 0.220832
-0.775926, -0.389102, -0.559282
0.590611, 0.717926, 0.406458
-0.173387, -0.556065, 0.829223
0.263013, -0.839438, 0.536521
0.497618, -0.202421, 0.878362
0.100034, -0.556669, -0.747619
0.643792, -0.179926, 0.742138
-0.378527, -0.607271, 0.758993
-0.529534, 0.683516, 0.503189
-0.193017, 0.280021, -0.978846
-0.0971823, -0.965139, -0.220599
-0.30374, -0.89213, 0.349357
0.668009, -0.550791, -0.416856
0.642217, 0.1495, -0.665112
-0.313576, -0.929917, -0.189002
-0.421737, -0.871048, -0.332056
-0.908943, 0.378444, 0.26893
-0.761166, -0.552566, -0.411208
0.846449, -0.377502, 0.323319
0.508415, -0.730669, 0.483082
0.527916, -0.855602, 0.230656
-0.759802, 0.495183, -0.457516
-0.575136, -0.731677, -0.284668
-0.0477572, 0.227742, -0.980072
0.853497, -0.245054, 0.484136
-0.4114, 0.758234, -0.5588
-0.0949088, 0.382894, 0.830324
0.703244, -0.554428, 0.47298
-0.225167, -0.944429, 0.0399583
0.863801, -0.529421, 0.00897303
0.702994, 0.432482, 0.558444
-0.178513, -1.02339, 0.0585767
0.607665, 0.438605, -0.751479
0.553716, 0.825976, -0.179036
-0.251168, -0.314127, -0.894963
-0.70609, 0.0623711, 0.63117
-0.570646, 0.496669, 0.691408
-0.492682, 0.894323, -0.163993
-0.588092, 0.585036, 0.398157
-0.569843, 0.752772, -0.249906
0.432066, 0.526084, -0.700897
-0.588392, 0.786577, -0.271242
0.813296, 0.582214, 0.279238
0.569559, -0.427186, -0.735809
-0.525666, -0.845305, 0.294584
0.610781, -0.820763, -0.244911
0.845951, 0.312324, 0.43418
0.372941, 0.064696, -0.898879
-0.833237, -0.0603126, 0.548452
-0.179621, 0.552917, -0.808741
0.275505, -0.466792, 0.884722
0.601865, -0.576834, 0.557565
-0.682329, -0.642594, -0.38621
0.306732, -0.655786, 0.678988
-0.358167, 0.135173, 0.902728
0.979728, -0.176142, -0.096109
-0.474661, 0.527372, 0.662126
0.778599, -0.519139, -0.206039
0.293294, 0.719675, -0.625785
-0.568062, -0.707854, -0.465798
0.0835082, 0.541382, 0.837055
0.966109, 0.240385, -0.300596
-0.0386225, -0.748507, -0.676089
-0.853545, -0.516625, 0.290473
-0.455425, -0.165564, 0.883291
0.429636, 0.881077, 0.13459
-0.422844, -0.0642435, -0.918183
-0.0518073, 0.0732663, -1.01302
0.281565, 0.043205, -0.973703
0.963353, -0.352108, -0.0520201
-0.129028, 0.94561, -0.050142
0.549277, -0.142277, 0.812994
0.85567, -0.551048, 0.116175
0.736454, -0.563284, -0.236459
0.274843, -0.0337816, 0.958347
0.339155, 0.935588, 0.135679
0.272563, 0.0363054, 0.93003
-0.888396, 0.536434, 0.11159
-0.0700692, -0.796306, -0.550468
0.283498, 0.0569257, -0.996673
0.434857, 0.311272, -0.849591
0.226579, 0.0803112, 0.932866
0.755371, -0.583769, 0.244792
-0.5737, 0.593943, -0.615292
0.673531, -0.062726, -0.713026
-0.802127, -0.290209, 0.417374
0.817593, -0.506485, -0.169619
0.81367, 0.145101, -0.613504
0.794497, -0.393705, -0.295318
0.666688, -0.0385706, -0.755519
0.896433, 0.432306, 0.211367
0.173366, -0.517102, -0.84399
0.566735, -0.839613, 0.0908959
-0.233053, 0.344015, 0.934901
-0.350136, 0.216881, -0.911125
-0.343888, -0.865164, 0.485184
-0.538082, 0.112676, 0.84749
-0.392638, -0.0247284, -0.909404
-0.714967, -0.0948965, 0.672574
0.616088, 0.620368, 0.451049
-0.311173, -0.957955, 0.0188065
0.520836, 0.647988, 0.467136
0.487822, -0.86612, 0.175538
0.515061, 0.620635, -0.658197
0.163726, 0.633407, 0.685945
0.53305, 0.0691233, -0.81277
-0.259277, 0.958369, -0.0669335
0.419395, -0.674326, 0.632531
-0.577366, -0.288454, 0.686253
-0.540297, -0.668558, 0.475847
0.761747, -0.225104, -0.641534
0.197984, 0.976745, -0.150088
-0.0253326, -0.808766, 0.448093
0.729452, 0.259716, 0.679948
-0.416292, 0.867221, -0.274819
-0.640687, 0.680925, -0.291393
-0.124971, 0.295754, -0.920093
0.323787, 0.800177, -0.488264
-0.479593, -0.8525, 0.178619
-0.0298424, -0.136601, 0.99826
-0.919809, -0.358387, 0.249413
0.83684, 0.615125, -0.0404606
0.687379, -0.686449, -0.117244
0.285465, 0.0465968, -0.923937
-0.56069, -0.297977, -0.752297
-0.533506, 0.666161, -0.49346
-0.799268, 0.187144, -0.580097
-0.259863, -0.0224695, 0.939158
-0.319251, 0.715513, -0.62149
0.536524, -0.857904, -0.138605
-0.382879, 0.469626, -0.809535
-0.170009, 0.84954, 0.488103
0.113234, -0.219535, -1.00046
-0.505776, -0.773662, -0.208115
0.909849, -0.220291, -0.385044
-0.766902, -0.668614, 0.0929725
-0.710166, -0.228268, -0.681774
0.981492, 0.0107896, -0.185485
-0.905956, -0.584925, -0.00636466
-0.11596, 0.98043, -0.347895
0.759682, -0.339324, 0.574816
-0.773054, -0.381945, -0.493327
-0.785505, -0.186077, 0.567932
-0.825485, -0.537124, 0.396099
0.129671, 1.05008, 0.0240109
-0.922232, 0.151035, 0.383406
0.346421, -0.385853, -0.839499
0.231381, -0.657327, 0.691433
0.227012, 0.955393, -0.409508
-0.721399, -0.118734, -0.764193
-0.836361, 0.0922984, 0.439545
0.864499, -0.501743, 0.106116
-0.275799, 0.765271, 0.588137
0.110487, -0.627505, 0.771418
-0.153062, 0.934917, 0.273657
0.190117, -0.93937, 0.307751
0.319091, 0.964233, 0.0955524
0.462667, -0.798779, -0.469304
0.0272518, -0.666363, 0.750498
0.311465, -0.356303, -0.92387
-0.90719, 0.0846636, 0.381945
0.720041, -0.601029, -0.416666
-1.01545, -0.0443361, -0.264409
-0.339275, -0.409297, 0.848435
0.583604, 0.76857, -0.289674
-0.431842, 0.168324, -0.849176
0.901587, -0.278985, -0.207522
0.878829, 0.347626, 0.303658
0.20671, -0.602687, 0.74118
-0.59292, -0.362035, -0.742553
-0.823468, 0.402976, -0.476952
-0.568699, 0.590598, 0.605148
-0.354098, 0.0794283, 0.90181
0.590092, -0.00571001, 0.771078
0.651177, 0.409845, 0.615456
0.515363, -0.7608, -0.379922
-0.362792, -0.0222235, 0.948367
0.370578, -0.707659, 0.627266
-0.253185, 0.795659, 0.602084
0.243037, 0.679897, -0.67058
-0.304416, 0.247572, -0.927972
-0.613459, 0.387052, -0.583687
-0.0873966, -0.0307381, -0.95341
0.988485, 0.212895, -0.229519
-0.344181, 0.462078, -0.810504
-0.577411, -0.352154, -0.73799
0.165428, 0.40729, 0.927355
-0.737693, 0.260462, 0.699047
0.304503, 0.123575, 0.947547
-0.238978, -0.132945, -0.969888
0.921372, -0.192411, -0.256937
-0.0257176, 0.164951, 0.984333
-0.582009, 0.298869, 0.735648
-0.341189, 0.671618, -0.686118
-0.734521, 0.467645, -0.492736
-0.134656, 0.226548, 0.939658
-0.364496, -0.900278, -0.290286
0.680278, -0.720643, 0.197047
-0.948781, -0.17747, 0.274888
0.987916, -0.135408, -0.0571357
0.747551, 0.713394, -0.28033
0.48566, -0.297348, 0.734548
-0.0635828, -0.934303, -0.475657
-0.785065, 0.41982, -0.316684
0.0556731, 0.867529, 0.473677
0.463385, -0.147857, -0.857354
-0.448968, -0.653593, 0.596607
0.877258, -0.0375593, -0.452144
-0.794766, -0.45572, 0.00741911
-0.719965, -0.711583, -0.0767011
0.909848, 0.159589, -0.338189
0.488885, -0.360456, -0.782478
0.270095, 0.589313, 0.799199
0.398367, -0.894298, 0.188103
0.207725, 0.846208, -0.4588
0.813034, 0.154074, -0.467877
0.710652, 0.668056, -0.167645
-0.181766, -0.907714, -0.497843
-0.650735, -0.745358, -0.196042
0.777376, -0.575663, -0.231696
0.716548, -0.0686428, -0.631383
0.692416, -0.592004, -0.432777
-0.915204, -0.193918, 0.31439
-0.754644, -0.455061, 0.541123
-0.432242, -0.781817, 0.483756
-0.138597, 0.192627, -0.964032
-0.331644, 0.589245, 0.723129
0.961149, 0.0712885, 0.0413874
0.204099, -0.62626, -0.791199
-0.489241, -0.453362, -0.728413
-0.592978, 0.458587, 0.636905
-0.347097, -0.643713, -0.677315
-0.15286, -0.760819, 0.612982
0.325547, 0.0631936, -0.955277
-0.42923, -0.88073, -0.101829
0.37823, 0.57566, -0.776332
-0.565024, -0.377857, 0.742436
0.643527, 0.158702, -0.764772
0.24601, -0.873741, -0.47368
-0.65738, -0.170479, -0.70373
1.02455, 0.0429068, -0.0426343
-0.47889, -0.869028, 0.166746
0.231801, -0.887735, -0.398738
-0.911825, -0.409345, 0.0455261
-0.878903, 0.123969, -0.413637
-0.81724, 0.157263, 0.592397
0.728261, -0.0149714, 0.709411
-0.376633, 0.41104, 0.884113
0.729185, -0.627746, -0.208977
-0.713424, 0.171088, 0.631512
-0.754269, -0.265585, -0.659462
-0.727941, -0.555192, -0.462543
0.291726, -0.256935, 0.996844
-0.82692, 0.545705, -0.135443
-0.100382, -0.12643, 0.99067
-0.0701343, -0.520897, -0.844016
-0.0297131, 0.706583, -0.690321
0.619131, -0.44937, 0.637684
0.836909, -0.321752, -0.472314
-0.283944, -0.459777, -0.871091
-0.717246, 0.695847, -0.0713119
0.0548119, -0.0748495, 0.967025
0.832908, 0.0332736, 0.530044
-0.909021, -0.127562, -0.335672
-0.708572, -0.624188, 0.448925
-0.970224, -0.248404, 0.140855
0.849332, 0.497466, 0.278898
0.792987, -0.0793383, 0.556945
-0.49317, -0.472797, 0.731707
-0.402099, 0.4716, -0.755135
0.036578, 0.000224576, 1.01141
0.708707, -0.591168, 0.278822
0.178952, -0.937705, 0.305461
-0.00046015, -0.807682, 0.622537
-0.525037, -0.311808, 0.77718
-0.972672, -0.261936, -0.0427985
0.574825, -0.591682, 0.612698
0.383278, 0.977717, -0.029152
-0.743965, -0.57026, -0.285423
-0.408319, 0.040661, 0.883847
0.534304, -0.661902, -0.572408
0.438796, 0.833304, 0.282711
0.187737, 0.969944, 0.185604
-0.42647, -0.621652, -0.675991
-0.773915, -0.458287, 0.511564
-0.144314, -0.930173, -0.00658768
0.29379, -0.0858175, 0.934716
-0.00322485, 0.985539, 0.114524
0.132654, -0.108329, -0.976609
-0.146468, -0.949428, 0.288977
-0.690595, -0.465333, 0.547263
-0.188425, -0.210446, 0.912273
0.041894, -0.211058, -0.964902
-0.500145, 0.802917, 0.423176
-0.444971, 0.67782, -0.578462
0.50543, 0.00880839, 0.895353
0.0441129, -0.940074, 0.147536
-0.170928, 0.98191, 0.199462
-0.926448, -0.0182502, 0.400621
-0.657568, -0.657902, -0.315677
-0.754754, -0.577046, -0.157456
0.175271, -0.827006, 0.586703
-0.817631, -0.306132, -0.392819
0.681827, -0.231208, 0.706848
-0.697641, -0.48164, 0.507467
-0.0156058, 0.90243, 0.547567
0.366514, -0.555767, 0.719299
0.698183, -0.712222, 0.0908081
-1.02089, 0.0382957, 0.0604234
-0.322187, -0.348125, -0.9134
-0.772609, 0.0389601, -0.609187
-0.828445, -0.496466, -0.273298
0.814488, 0.579559, 0.0349935
-0.243485, -0.756244, 0.615818
-0.308243, 0.451502, 0.859232
-0.0235954, 0.857633, 0.475638
0.815954, 0.139997, -0.597344
-0.880203, 0.444058, -0.0921394
-0.0710279, 0.498979, -0.882256
0.506363, -0.931235, 0.0525145
-0.507468, 0.731652, -0.444195
-0.626594, 0.430689, 0.673329
-0.012194, -0.564904, 0.787204
-0.599792, 0.230459, -0.75728
-0.638119, 0.572007, -0.478868
-0.890259, -0.349394, 0.337022
0.610931, 0.606218, -0.478518
-0.403139, -0.199199, 0.899845
0.234163, -0.929484, -0.343654
-0.281863, -0.214576, 0.93484
0.858045, -0.177503, -0.451452
0.463569, 0.861319, 0.13916
-0.293383, -0.922791, -0.0778284
-0.489801, 0.590662, 0.674294
0.937955, 0.177467, 0.213548
0.347225, 0.868029, -0.386826
-0.23567, 0.908537, 0.480639
-0.65058, -0.0179882, 0.784706
0.948923, -0.00444303, -0.220836
-0.728547, -0.410789, 0.621698
0.103201, -0.501354, -0.865891
-0.41611, 0.555932, 0.687478
0.222709, -0.919933, 0.120125
1.00002, 0.158108, 0.0926456
0.410016, 0.458016, 0.792347
-0.263906, 0.640988, -0.759512
-0.128925, 0.439207, 0.91922
-0.0838544, -0.994695, 0.205154
-0.974154, -0.142123, -0.0942042
-0.296342, 0.228159, 0.874539
-0.743399, -0.172674, 0.574526
-0.786207, 0.0101969, -0.688726
0.426645, -0.351477, 0.83564
0.317502, 0.63034, 0.618925
0.303878, -0.917804, 0.329856
-0.927775, -0.0555418, -0.33308
-0.499202, 0.563572, -0.63479
-0.609838, 0.0933984, 0.735083
-0.378839, 0.648269, 0.669686
-0.91567, 0.270398, 0.102481
-0.35684, 0.916948, 0.204651
-0.431638, 0.705132, 0.528841
-0.491536, -0.719365, -0.526233
-0.28633, 0.1354, 0.938816
-0.728782, -0.369429, -0.61551
0.674194, -0.756032, 0.207513
-0.0125415, 0.157121, -0.987795
0.825978, -0.187424, -0.506259
0.0992256, 0.882037, 0.505577
-0.304531, 0.958277, 0.225493
-0.636283, 0.681963, 0.154432
0.383002, 0.950486, 0.099144
0.207246, -0.54749, 0.862454
0.893839, 0.383081, -0.191525
0.275173, 0.844635, 0.491347
0.179258, 0.53178, -0.792508
-0.297112, -0.611322, -0.800574
-0.650708, -0.543886, -0.36773
-0.0772204, 0.897966, 0.411522
-0.152966, -0.923418, -0.333205
0.519817, -0.0597906, -0.862791
-0.524427, 0.822204, -0.0917515
0.102349, -0.980486, 0.0208074
0.449246, 0.0525113, 0.922549
0.132327, -0.804731, -0.588682
0.887628, -0.590549, -0.108722
-0.345849, -0.327305, -0.93369
-0.343443, -0.123567, 0.895678
0.662112, 0.569079, -0.479771
0.446212, -0.374166, -0.798768
0.596127, 0.785988, -0.228079
0.416256, -0.936111, 0.0731813
-0.369138, -0.424704, -0.810005
0.0189153, -0.463212, 0.939174
0.841181, -0.421361, 0.264264
-0.831849, 0.375158, -0.356598
-0.364642, 0.945885, -0.175291
0.5258, 0.641913, 0.530351
0.29958, -0.418804, -0.845465
-0.707971, -0.261954, -0.693683
-0.120435, 0.891614, 0.436544
-0.534943, -0.00781278, 0.840642
0.958429, -0.366619, -0.264104
-0.696382, 0.0706282, 0.754582
-0.534392, 0.430159, -0.754792
-0.610655, -0.776553, 0.118951
-0.212299, 0.724377, 0.650189
-0.283133, -0.0236733, -0.886262
0.819667, 0.344225, -0.43191
-0.188175, -0.898069, -0.296992
-0.845025, -0.278682, 0.507824
-0.559055, 0.829863, 0.0285348
-0.223396, -0.900629, -0.00728998
0.932174, -0.117303, 0.22776
0.0197551, 0.0173995, 1.01273
-0.403378, 0.789481, 0.324828
0.515389, -0.721818, -0.497889
0.326914, 0.749486, 0.517392
0.247453, 0.5488, 0.726573
0.0939029, -0.374889, 0.892504
0.0134764, 0.303879, -0.970959
0.659642, 0.686084, 0.363097
0.160726, 0.366721, -0.859674
-0.425548, -0.855032, 0.328256
0.712255, 0.722412, 0.00695997
0.5365, 0.451355, 0.697425
-0.386923, 0.252227, 0.828053
-0.105142, 0.968654, -0.225241
0.411828, 0.585512, -0.675731
-0.195781, 0.794627, -0.558035
-0.85104, -0.369723, -0.410364
0.293824, -0.916254, 0.0342287
-0.889532, 0.0143612, 0.349202
0.968798, 0.231645, -0.0879004
0.325956, 0.745279, -0.580649
0.386738, 0.541522, -0.689414
0.935935, -0.0355262, 0.36829
0.997419, 0.165508, 0.250629
0.185178, 0.000580189, -0.989388
0.891562, 0.374398, -0.136501
-0.187389, -0.321734, 0.957929
-0.704064, 0.533913, -0.248699
-0.946516, 0.379551, -0.0234081
0.0044552, 0.956801, -0.304974
-0.275654, 0.885987, -0.308268
0.289605, -0.602939, 0.698642
0.109333, 0.965417, -0.306461
0.755467, -0.359203, -0.5282
0.887938, 0.41098, -0.27986
0.950346, -0.273065, -0.273872
-0.71089, -0.36712, -0.567392
-0.315359, -0.385057, -0.881897
-0.546477, -0.101528, 0.853502
-0.127065, -0.936068, 0.396857
0.858355, -0.249255, -0.365646
0.257141, 0.781003, -0.626309
0.193078, -0.192163, -0.988651
-0.576826, -0.0360456, 0.76194
0.866253, -0.514896, -0.105237
0.456068, -0.0618218, -0.91771
0.513544, -0.195842, 0.82541
0.84404, -0.192672, -0.495162
0.839511, -0.35238, -0.417773
-0.310203, 0.892739, 0.255831
0.138315, 0.905109, -0.332749
0.351818, -0.749852, 0.607387
0.530313, 0.793159, 0.442115
-0.0858982, 0.593512, -0.785537
-0.882806, -0.489873, 0.148084
-0.198523, -0.534423, 0.793712
-0.578311, 0.622949, 0.479978
-0.319296, -0.00257133, 0.919532
0.0939802, 0.979118, 0.0916456
0.317785, -0.136602, -0.893485
-0.522101, -0.795017, 0.368131
0.0306345, 0.990152, 0.0658274
-0.491184, 0.276052, -0.822542
0.670534, -0.240337, -0.77646
-0.873399, -0.0929591, 0.362941
-0.50268, -0.545078, 0.769519
0.0178711, -0.747534, -0.648163
0.160985, 0.945506, 0.190682
0.936784, 0.0631166, -0.399646
-0.971823, -0.0758945, 0.109834
0.790238, 0.531204, -0.20603
-0.814914, 0.406866, 0.405917
0.177067, -0.520938, 0.867743
-0.899881, 0.468873, 0.0857397
0.283482, -0.972178, 0.040939
-0.0161596, 0.951446, 0.270025
-0.647899, 0.406684, 0.591685
-1.05598, -0.0215483, -0.0575526
0.201149, 0.12716, 0.930005
-0.386614, -0.91531, 0.0569073
0.309881, -0.838475, 0.472488
0.312215, -0.688217, -0.636179
-0.517221, 0.0749567, -0.885862
0.809452, -0.0865371, -0.661535
-0.933464, 0.0671963, 0.240178
0.931581, -0.0101846, -0.360429
-0.467085, 0.611577, 0.62465
-0.0365353, 0.850078, -0.604853
-0.856844, 0.45737, -0.0434787
0.738498, -0.095535, -0.660479
0.370064, 0.867985, -0.363171
-0.302188, -0.320508, -0.942532
0.0460437, -0.988549, -0.305997
-0.263472, -0.324597, -0.905758
0.719483, 0.473304, -0.484645
0.79826, 0.0751807, 0.669991
0.983903, -0.0164265, 0.13796
0.0457885, 1.02979, 0.201055
-0.653479, 0.691481, -0.23553
-0.701008, -0.398426, -0.625889
1.00412, -0.0939503, 0.137006
-0.339411, -0.326381, -0.808435
0.105035, 0.0716216, 1.01513
0.789872, 0.610663, -0.108773
0.6596, -0.47459, 0.61999
-0.0950979, -0.503363, 0.879822
0.90989, -0.0843116, -0.393435
0.895965, -0.408734, -0.16364
-0.0732526, -0.713777, -0.642584
0.288054, -0.757063, 0.512113
0.914057, 0.38078, -0.133067
-0.524774, -0.854503, 0.00396907
0.126553, 0.0448415, 0.997926
-0.045432, -0.796511, -0.638826
0.140297, -0.201595, 0.963438
0.778987, 0.490766, -0.220687
-0.762074, -0.523696, 0.360753
0.648947, -0.754418, 0.117658
-0.165916, 0.361573, -0.937689
0.674663, -0.680128, -0.0806976
-0.728699, -0.253026, 0.604918
0.727011, -0.325183, -0.581899
0.978931, -0.154862, 0.243534
-0.454025, 0.936132, -0.046515
-0.694672, 0.613061, 0.0842926
0.950942, 0.132543, 0.352414
-0.0791644, 0.849514, -0.485405
0.664655, -0.798764, 0.122999
-0.651837, 0.814491, 0.17615
0.449762, 0.416994, 0.780829
-0.739532, 0.0200074, -0.703043
-0.54192, 0.855973, 0.126427
-0.176745, -0.304257, 0.926228
0.953274, 0.343656, -0.0274696
0.708261, -0.66458, 0.084729
0.303443, 0.586259, 0.797309
1.01698, -0.108593, -0.129388
-0.941305, 0.389206, -0.248373
-0.0366592, -0.824188, 0.471371
-0.788925, 0.32622, 0.531556
-0.825901, -0.478695, -0.207889
-0.513616, -0.786346, -0.362616
-0.319599, 0.872023, 0.235582
1.00694, -0.089558, -0.165864
-0.369, -0.889081, 0.183316
-0.769516, 0.293344, 0.453659
0.263491, 0.819806, 0.514737
-0.838895, -0.259827, 0.56647
0.331346, 0.596139, 0.697952
0.429377, 0.759479, 0.4759
0.978429, -0.248648, -0.0876538
0.428073, -0.427732, 0.804289
0.357659, -0.821835, -0.424324
-0.777309, 0.566438, -0.351962
0.330329, -0.428134, -0.904261
0.920815, 0.365393, -0.267804
0.763735, 0.679185, -0.141159
-0.790185, 0.655957, -0.270888
-0.575847, -0.765864, 0.311931
0.844164, -0.328027, 0.391606
-0.280919, -0.933762, -0.372336
0.0643974, -0.439107, 0.885062
-0.647503, -0.255736, -0.746697
-0.159646, 0.387141, -0.913075
-0.696201, -0.102744, -0.770356
-0.0183169, -0.352727, -0.975424
0.974438, 0.0184396, 0.032429
0.418662, 0.623172, 0.613741
0.840429, -0.0982601, 0.494999
-0.595502, 0.186286, 0.756829
-0.432803, -0.654685, -0.632539
-0.107916, -0.685734, 0.708808
-0.830635, 0.503357, 0.142971
0.061944, -0.869279, 0.462387
0.202992, 0.797618, 0.696398
0.0803203, -0.20605, 0.972943
0.350072, -0.900606, 0.391733
-0.64459, -0.280223, 0.74894
0.696857, 0.584575, 0.458933
-0.127291, -0.147712, -0.986213
-0.81388, 0.350995, -0.478326
-0.647773, 0.693365, -0.367013
-0.165872, -0.010592, 0.982979
-0.793439, 0.402006, -0.406389
-0.720876, -0.440793, 0.428031
0.0655022, -0.401175, -0.902958
-0.243364, -0.882583, 0.408566
0.332645, 0.949392, -0.103785
-0.178706, -0.380179, 0.891267
0.260194, -0.527357, -0.815424
-0.416064, 0.879031, -0.382084
-0.604397, 0.378932, -0.710016
0.554105, 0.758711, -0.451122
-0.900344, 0.0129713, -0.432207
0.259132, -0.502563, -0.839238
0.636277, 0.71609, -0.178032
0.453239, 0.427812, -0.804233
0.662664, -0.588817, -0.410772
-0.170736, 0.25923, -0.958234
-0.585902, 0.7158, 0.370754
0.337987, -0.625762, 0.65273
0.493559, -0.283724, 0.823158
-0.70892, 0.320324, 0.617447
-0.558387, -0.791747, 0.11445
0.759016, -0.492296, 0.364242
-0.130968, -0.157995, 1.04274
-0.463476, -0.758821, -0.341168
0.332519, 0.095265, -0.975149
0.867804, 0.535629, -0.287445
0.804227, -0.544684, -0.3703
0.177565, 0.0207819, -1.00823
0.271169, -0.330356, 0.930995
0.051408, 0.86145, 0.384253
-0.306044, -0.737336, 0.580698
0.79789, -0.106334, -0.659654
0.472873, -0.416202, -0.770409
0.412843, 0.301387, 0.826555
0.413472, 0.886898, 0.311438
0.0134727, -0.0695753, -0.972262
0.534326, 0.221405, 0.820141
-0.342354, -0.0455249, -0.892747
0.643045, 0.644262, 0.105641
0.958216, -0.163725, 0.0693189
0.203077, -0.235075, 0.965975
-0.5847, 0.645982, 0.490928
0.325541, -0.794871, 0.555267
-0.346706, -0.859465, 0.352932
-0.87074, -0.356488, 0.298893
0.530716, 0.685172, 0.494787
-0.775563, -0.474769, -0.412945
0.688838, 0.286603, 0.727909
-0.278742, 0.839688, -0.35433
1.02161, -0.182727, 0.0916686
0.125206, -0.508309, 0.896287
0.190318, 1.01904, 0.0921158
-0.88963, -0.0699996, 0.478552
0.763314, -0.590535, 0.231219
0.6014, -0.684045, -0.430259
0.123466, -0.912838, -0.238265
-0.365743, -0.283015, -0.878615
-0.431415, -0.756646, -0.469236
0.2141, -0.633092, -0.814905
-0.857716, 0.454343, 0.228654
-0.374108, -0.420777, -0.812098
0.738399, -0.716054, 0.124196
-0.0964545, -0.697199, 0.677423
-0.0747373, -0.548038, -0.813987
0.822904, 0.191018, -0.520548
-0.622046, 0.804102, 0.225309
0.913931, 0.233046, -0.480378
0.892494, 0.261936, -0.296166
-0.160813, -0.284389, 0.915406
0.547971, 0.252416, -0.787336
0.91789, -0.314558, -0.295458
0.0637953, -0.276084, -0.934962
0.843331, 0.148788, -0.571806
-0.541932, 0.782377, 0.115864
0.369989, -0.835091, 0.0770578
0.78972, 0.438671, -0.448771
0.441713, 0.168147, 0.915795
0.67571, 0.0660827, 0.693495
0.67416, -0.645189, 0.45505
0.966845, -0.346637, 0.156159
0.297718, -0.63816, -0.742143
-0.203352, 0.877191, -0.50677
0.102507, -0.91823, 0.396087
-0.594025, 0.548993, 0.59348
-0.187558, 0.926037, -0.372813
0.312472, -0.679547, -0.694398
0.901931, 0.432553, -0.241931
0.781868, -0.0604368, 0.652873
0.748766, -0.613549, -0.134839
0.832888, -0.439258, -0.260175
0.275412, 0.959804, 0.174625
0.102011, -0.906602, -0.337797
-0.712491, 0.58783, -0.440904
0.929476, 0.151914, 0.143371
-0.185539, -0.907342, -0.387353
-0.527857, 0.809031, 0.421442
0.510197, -0.789193, 0.232705
0.406465, -0.798511, -0.336183
0.772244, 0.365492, 0.586371
-0.433007, -0.59522, 0.636298
-0.188736, 0.939077, -0.153812
0.0712789, 0.842757, 0.52136
-0.069426, 0.333502, -0.903753
-0.784116, -0.617416, 0.11917
-0.846944, 0.116519, -0.471423
-0.0168744, 0.710011, -0.724206
0.112292, 0.084561, -1.03471
0.35379, 0.346273, -0.875075
0.902134, -0.417072, -0.0712512
-0.840797, -0.23346, -0.425831
-0.958564, 0.0878317, -0.253957
-0.63727, -0.496821, -0.551
0.759823, -0.283579, -0.583247
-0.242785, 0.40016, 0.887452
0.584529, -0.790025, 0.2976
-0.686752, 0.247035, -0.699627
-0.0524383, -0.515364, 0.843778
-0.669312, -0.565211, -0.663105
0.321654, -0.460071, -0.800688
0.626381, 0.34269, 0.745616
0.683017, -0.515677, 0.531132
0.349999, 0.843052, 0.31565
-0.793498, 0.0648916, 0.496674
0.682463, -0.227658, 0.759608
-0.33552, -0.0337094, 0.933931
0.247727, 0.822355, 0.540713
-0.90445, 0.402488, -0.070243
-0.331944, 0.4756, 0.801214
-0.811054, -0.255785, 0.4894
-0.946702, -0.226224, -0.0704427
0.783652, 0.139813, -0.596343
0.501773, -0.854573, 0.0115147
0.821764, -0.147616, -0.502812
0.90193, 0.339943, 0.0226715
0.839514, -0.358815, 0.40887
-0.315472, -0.470072, -0.862323
0.713034, -0.180814, 0.708445
-0.0366335, 0.114882, -0.994616
0.842343, -0.340654, 0.483819
0.302546, -0.828107, -0.387124
-0.573765, -0.432295, 0.626386
0.954729, -0.0130531, 0.338374
0.48561, -0.660745, -0.595875
0.17845, -0.94671, -0.284253
0.970754, 0.233993, -0.137122
0.412924, -0.579629, -0.662308
-0.127202, 0.941092, 0.302551
0.342694, -0.291176, -0.865469
0.743652, -0.482444, -0.476868
0.101146, -0.971162, 0.291184
0.266231, -0.0568214, -0.942287
0.718627, -0.662825, -0.28683
0.730342, -0.546725, 0.382924
-0.861732, -0.573502, 0.100245
-0.341785, -0.540841, 0.75827
0.770558, -0.525543, 0.314438
-0.922899, 0.481684, 0.239519
0.0633483, 0.25953, 0.984653
0.0647047, -0.0789298, 1.01358
0.243588, -0.363242, -0.876651
-0.666748, -0.37023, -0.650718
0.740123, -0.488407, -0.42822
-0.408324, -0.743414, -0.583937
0.00709721, 0.939916, 0.190215
0.315971, 0.834737, 0.39859
-0.623954, 0.266151, -0.749239
-1.05602, -0.0758202, 0.0698063
0.51655, 0.239873, -0.799759
0.937431, -0.217975, -0.202916
0.934124, 0.0518244, -0.378775
-0.449083, -0.491665, 0.689443
-0.191457, -0.611543, -0.743706
-0.830585, -0.562733, -0.153262
0.870019, -0.432812, -0.222081
-0.743134, -0.714337, 0.263883
0.253029, 0.834689, 0.448191
0.199911, -0.678664, -0.702887
-0.116089, 0.584235, -0.784653
0.887907, -0.460295, -0.0193406
0.15286, -0.0753446, 1.00395
-0.792787, -0.508982, 0.0582706
0.0848727, 0.659522, 0.772985
-0.203659, -0.277714, -0.949688
0.71403, 0.685642, -0.099012
-0.971015, 0.0785231, 0.332523
0.533677, -0.722278, -0.450274
0.676712, -0.0611754, 0.721324
0.800875, 0.448959, 0.434095
0.2517, -0.499498, 0.788828
-0.636762, -0.722493, -0.0690486
-0.219545, 0.885856, -0.434978
0.780679, -0.569831, -0.335845
-0.561251, 0.885912, 0.088021
-0.220958, -0.881236, -0.242199
0.712221, -0.36995, -0.577989
-0.152929, -0.58003, -0.789342
0.83607, 0.553982, 0.192459
-0.873228, -0.0879775, -0.400225
0.6094, 0.490669, -0.689074
-0.87701, -0.149949, 0.278925
0.0719499, 0.3099, 0.916256
-0.528942, 0.67577, -0.43187
0.945522, 0.00537804, -0.342099
0.70624, -0.634131, 0.128147
0.57565, -0.786352, -0.149595
-0.41872, 0.769571, 0.403778
-0.741177, -0.637323, -0.288952
0.486668, 0.127585, -0.876665
0.0758253, -0.953459, -0.302615
0.183316, 0.759718, -0.638117
0.883675, 0.255291, 0.508699
-0.408929, 0.41846, -0.768838
-0.242808, -0.519329, 0.831671
0.466418, 0.287144, 0.797881
0.698306, -0.362192, -0.613563
-0.174112, -0.920002, 0.348845
0.0745177, 1.0741, 0.205486
-0.416188, 0.774142, 0.289397
-0.0719972, 0.996871, -0.0610418
-0.327123, 0.0117713, -0.920362
-0.647894, 0.499791, -0.566342
-0.343465, -0.0106003, -0.973366
-0.0235803, -0.497047, 0.865067
-0.135535, -0.864644, -0.51951
-0.859649, -0.503192, -0.0855634
-0.511083, -0.347396, 0.793126
0.422034, -0.905724, -0.132475
-0.3614, 0.0367935, 0.960177
1.04965, -0.0191854, -0.179123
0.153751, 0.906047, 0.430401
-0.130629, 0.899993, -0.34598
0.0284098, 0.0457563, 0.944857
-0.683188, -0.478608, -0.526587
0.223544, -0.119788, -1.00788
0.215465, -0.279278, 0.934046
0.181186, -0.668101, -0.731615
0.227071, 0.00973376, -0.997643
-0.168764, 0.962079, -0.202665
0.74219, 0.71813, 0.0348313
-0.442668, 0.826389, 0.317389
-0.258152, -0.879548, -0.462022
-0.113098, -0.950589, -0.404899
-0.0444895, 0.236222, -0.880442
0.0926811, 0.389755, 0.954767
-0.457074, 0.359698, 0.808889
0.265656, 0.211861, 0.956576
0.290325, -0.163107, 0.889631
-0.309962, 0.148431, -0.88991
-0.534555, -0.259839, 0.742378
-0.372628, -0.499934, -0.746461
0.88934, -0.251567, 0.326861
0.423174, 0.463743, -0.796877
-0.872298, 0.540804, 0.239606
0.0915311, -0.964034, -0.33156
0.3034, -0.821802, -0.553461
0.564916, -0.866177, -0.0774458
-0.816402, -0.536575, 0.347136
0.247167, 0.943051, 0.263385
-0.34766, 0.597132, -0.674763
0.487222, 0.00906877, -0.856747
0.10433, -0.324161, -0.964759
0.202586, -0.921941, 0.366746
0.694014, 0.0666629, -0.730979
-0.506337, 0.788737, -0.332666
0.641487, -0.385915, -0.721764
-0.795396, -0.335715, -0.440851
0.766808, -0.415416, 0.535613
-0.467129, 0.510213, -0.681472
0.654415, -0.687492, 0.177445
-0.085925, 0.987531, -0.242398
0.486074, -0.537697, -0.722416
0.481105, 0.750065, -0.358889
0.225839, -0.71319, 0.694616
-0.723233, -0.686477, 0.151317
-0.32088, 0.712448, 0.580763
0.320204, -0.973957, 0.0713891
-0.753812, 0.579611, -0.369037
0.534675, -0.733204, 0.387788
-0.534935, 0.265177, -0.830835
-0.371878, -0.492497, -0.760988
-0.410854, -0.926535, -0.0220312
-0.144598, 0.780389, -0.569401
-0.2824, 0.890347, -0.323221
0.46459, 0.841111, -0.0671801
0.050461, 0.825552, -0.484223
0.947691, 0.281241, 0.096174
-0.166494, -0.134146, -0.988493
0.543926, -0.522616, -0.690214
-0.043138, 0.967448, 0.0467745
0.566768, 0.843945, 0.127752
-0.281687, 0.169996, -0.960134
-0.738973, 0.406082, -0.498558
-0.580903, -0.0268387, -0.806981
-0.701058, 0.0123665, -0.708432
-0.387673, -0.826111, -0.394337
-0.792615, 0.0387809, 0.535784
0.0652049, -0.49574, -0.895337
-0.702604, -0.481602, 0.527051
-0.461884, -0.807479, 0.087671
0.583557, -0.0964007, 0.801902
-0.202771, 0.502478, -0.784304
-0.835676, 0.225667, 0.518058
-0.242804, -0.565478, -0.75619
-0.48159, 0.630868, -0.602037
-0.384764, 0.64698, 0.603632
0.936117, 0.0808501, -0.255695
-0.890132, -0.543089, 0.0528269
0.257165, -0.55259, 0.749055
-0.331853, 0.937935, 0.175302
0.179854, -0.666207, 0.744959
0.215207, -0.489851, 0.829907
-0.441992, 0.923786, 0.0083452
-0.570864, -0.514904, -0.555833
-0.456258, -0.57666, 0.654172
-0.871616, 0.255773, 0.465601
0.699892, -0.345905, 0.590247
-0.63645, 0.778307, 0.111983
0.775953, -0.0501768, -0.634935
0.888607, -0.443272, 0.00941645
-0.335705, 0.915854, 0.249999
-0.989559, -0.16583, -0.234149
0.419775, -0.619536, 0.691048
-0.21121, -0.827679, 0.634369
0.0284467, 0.958089, -0.0549502
-0.28589, -0.676313, -0.674969
-0.0864863, -0.982569, 0.0198265
-0.107337, 0.840623, 0.593233
-0.547123, -0.866234, -0.00171723
0.735417, -0.571512, -0.423996
0.409004, 0.503535, -0.782727
0.497345, -0.821998, 0.142634
-0.460293, -0.606546, 0.666938
0.583222, 0.660801, 0.597562
-0.186734, 0.346108, 0.936385
-0.849045, -0.489881, -0.128568
0.0923056, -0.922784, 0.391192
-0.122461, -0.928061, -0.39988
0.660583, -0.562944, 0.389901
-0.410053, -0.64277, -0.624949
-0.757264, -0.0653054, -0.570378
0.52543, -0.52024, 0.622952
-0.161824, 0.963828, 0.0546015
0.751459, 0.378693, -0.578049
-0.0250934, 0.720579, -0.659745
0.538051, -0.12539, -0.809578
0.252346, -0.834509, 0.431656
-0.700501, -0.349631, -0.728768
-0.240122, 0.801309, -0.562678
-0.650432, -0.356946, -0.674523
-0.757296, -0.530833, 0.343538
0.815158, -0.0561513, 0.563959
-0.789097, 0.394192, -0.557333
0.629499, -0.457926, 0.639296
0.645017, -0.373374, 0.692189
0.205444, 0.619911, -0.690382
-0.883183, -0.370123, -0.35303
0.998913, 0.28123, 0.0956634
-0.0920284, -0.927544, -0.391588
-0.353765, 0.593601, 0.738358
-0.679037, -0.665584, -0.22527
-0.381937, 0.975089, 0.0171086
0.842422, 0.311065, -0.382035
0.392494, -0.407849, 0.844575
0.421969, 0.11379, -0.939914
0.567252, 0.257963, -0.779319
-0.285487, -0.850935, 0.432231
0.618559, 0.451679, -0.547408
0.110966, 0.550161, -0.820371
-0.792509, 0.627419, 0.130896
0.998244, 0.0438296, -0.0129522
0.967991, -0.390003, -0.0784828
0.558776, 0.665531, 0.415917
-0.0644062, -0.708992, 0.713846
0.724068, -0.521152, -0.379727
0.446123, -0.814001, -0.320308
-0.406614, -0.904631, 0.222634
0.112203, 0.816078, -0.505921
0.65724, -0.772441, 0.155797
-0.0551583, -0.713355, 0.769066
-0.795275, -0.582244, 0.121344
-0.384032, -0.467039, -0.774367
-0.0280315, -0.945824, -0.267272
0.407922, -0.891297, 0.302261
0.369672, 0.0893036, -0.942876
0.53338, -0.185853, 0.843369
-0.822042, -0.353149, 0.495261
0.827783, 0.0625051, 0.573646
0.141664, 0.593578, 0.838711
-0.350956, -0.444742, -0.836424
-0.569542, 0.528167, 0.604479
0.728938, 0.342275, -0.634004
-0.851092, 0.491453, -0.116548
0.0370612, -0.0952304, 1.00434
-0.630564, 0.681486, 0.163316
0.410834, 0.0992303, 0.90629
0.943119, -0.387856, -0.17631
0.0317882, -0.70603, 0.7439
0.454708, 0.811732, -0.240742
0.526474, 0.699404, 0.493959
0.237493, -0.907367, 0.201984
-0.39633, -0.161014, -0.860985
0.467926, -0.380325, 0.841058
-0.706642, -0.67234, -0.283703
-0.852389, -0.539434, 0.165097
0.769286, 0.613296, 0.123621
-0.209563, 0.576571, -0.749147
-0.96132, -0.134176, 0.424129
-0.374515, -0.373684, 0.781209
-1.00003, 0.00735329, -0.2807
-0.86155, 0.478877, -0.190718
-0.791976, 0.590685, 0.132799
0.159672, -0.204397, -0.963939
-0.15421, -0.504727, 0.803834
0.860536, -0.191097, 0.405074
0.787134, -0.509547, -0.192919
0.123132, 0.528873, -0.860964
-0.68185, 0.616017, -0.439303
-0.0907502, 0.258567, -0.965188
0.0193297, 0.990835, -0.262851
-0.139491, 0.326564, -0.901373
-0.727385, -0.709062, 0.157109
-0.00498912, -0.180018, 0.978511
0.906443, -0.406558, -0.0649872
-0.522833, -0.596316, 0.664254
0.439149, 0.21182, 0.881658
0.904528, -0.356382, -0.0788722
-0.909281, -0.233662, -0.238797
-0.915914, 0.104885, -0.308762
0.63373, -0.0944535, -0.744264
-0.100177, -0.772036, 0.630674
-0.207057, 0.965044, 0.047772
-0.294694, 0.656269, -0.706423
-0.965856, 0.357436, 0.0667529
-0.493602, 0.826828, 0.24211
0.475239, 0.853659, 0.0454553
0.64744, -0.448427, -0.630998
-0.81251, 0.367746, -0.337299
-0.281588, -0.861404, 0.216875
-0.867281, -0.493313, 0.17253
-0.652105, 0.711907, 0.273573
-0.260117, -0.276016, 0.921991
-0.67231, 0.101687, -0.741291
-0.138415, -0.0765409, 0.987206
0.418379, 0.883214, -0.143051
-0.470776, 0.8423, 0.185016
-0.306255, 0.588467, -0.706605
-0.229944, -0.795382, 0.551683
-0.421978, 0.0662607, 0.901842
-0.700859, -0.658047, 0.287237
0.600005, 0.667423, -0.465382
-0.21082, 0.0894301, -0.980912
0.46755, 0.0763039, 0.881526
-0.455306, 0.143349, 0.869035
-0.57876, 0.150869, 0.703497
-0.214225, 0.951552, 0.0436286
0.762619, -0.628553, -0.0372948
0.214367, 0.737804, -0.634164
-0.957994, 0.182709, -0.0997731
-0.659677, 0.761348, -0.251074
0.65136, -0.686613, -0.349219
0.360967, 0.737427, -0.551524
-0.0614895, 0.372462, -0.905144
0.429614, 0.0179767, -0.926126
0.666103, -0.451144, 0.531374
-0.608696, -0.66673, -0.49401
0.827151, -0.24266, -0.456934
0.162751, 0.876086, 0.466035
-0.29246, -0.399064, 0.853995
0.154487, 0.942001, 0.10616
0.910117, -0.139753, -0.468808
0.374231, 0.549485, 0.726852
-0.428723, 0.831127, 0.317864
-0.281406, -0.425635, 0.89518
0.416402, -0.926627, -0.217525
0.959092, -0.311451, 0.0628495
-0.257283, -0.926429, 0.216207
-0.4532, -0.598362, -0.561233
0.101066, -0.918206, 0.37901
0.610419, 0.745387, -0.265906
-0.715057, -0.736128, -0.256301
-0.0206994, 0.715708, 0.655876
-0.215133, -0.548598, 0.801128
-0.653838, 0.453142, -0.582009
0.157017, 0.397434, 0.854125
0.091323, -0.346915, 0.830291
-0.747133, -0.208045, 0.636619
0.675562, 0.592933, -0.583304
0.593521, 0.33793, 0.694094
0.000946667, -0.236342, -0.973469
-0.896394, 0.0875377, 0.459859
0.723231, -0.619692, 0.287832
0.510494, -0.612286, 0.625685
-0.960815, -0.111017, -0.0259542
-0.519491, -0.682103, -0.35015
-0.77016, 0.387177, 0.516839
-0.16999, -0.323214, 0.942695
-0.818923, -0.339938, 0.408447
0.73201, 0.6315, -0.220068
-0.022758, -0.00407585, 1.0245
-0.605169, -0.647355, 0.517024
0.0370932, -0.113077, -0.99075
0.584682, -0.523486, 0.552224
0.799215, -0.556978, -0.106279
0.621079, 0.749374, 0.186756
0.624153, 0.326005, 0.726215
0.875981, -0.455699, -0.346382
0.0900299, -0.88077, -0.383842
0.0268927, -0.829723, -0.50562
0.545793, -0.809917, 0.241184
-0.677435, -0.410293, -0.536888
-0.674517, -0.335372, -0.580951
-0.731624, -0.717096, 0.0560423
0.316053, -0.292577, 0.876823
0.315749, 0.516987, 0.712253
-0.0338828, 0.199126, -0.998382
0.720207, 0.67232, -0.25796
-0.170766, 1.04771, 0.224005
-0.472871, 0.534158, 0.725382
0.767169, 0.479461, -0.436408
0.331859, 0.759281, 0.502706
0.0668134, 0.824774, -0.582782
-0.824936, -0.316193, -0.514319
-0.487665, 0.898102, 0.0992861
-0.859248, 0.508755, -0.0867407
0.143709, -0.339081, -0.9214
0.116435, 0.87316, 0.469928
0.889304, 0.127078, 0.29162
0.742868, -0.634603, -0.204499
-0.701755, 0.144485, -0.686388
-0.666668, 0.703554, -0.0760425
0.60373, 0.828788, -0.260769
-0.791848, 0.579209, 0.207962
0.442278, 0.783903, 0.432947
0.38781, 0.899198, 0.178834
-0.64099, -0.375446, -0.63053
-0.486982, 0.285552, -0.830644
-0.572639, -0.0382911, -0.773655
0.237328, -0.848239, 0.55131
-0.283357, 0.266538, -0.971863
0.756183, -0.418283, -0.495545
0.548214, -0.21393, -0.778001
0.13827, -0.16554, -0.954993
-0.936241, -0.141311, -0.359349
-0.160403, 0.947219, 0.0160268
0.952524, -0.131207, -0.183539
-0.566994, 0.359553, 0.712186
-0.918768, -0.0760649, -0.373443
-0.521542, 0.186135, 0.821226
0.316684, 0.944705, 0.128399
-0.715617, -0.248627, 0.743558
-0.158042, -0.549839, -0.752127
0.759736, 0.121568, -0.64647
-0.983948, -0.160838, 0.137243
-0.667705, -0.099305, 0.728965
-0.608422, -0.711486, -0.328281
-0.708369, 0.120245, -0.753847
0.311089, 0.254198, 0.913704
-0.243231, 0.796993, -0.351127
0.641372, -0.808044, -0.0822524
0.445711, 0.783532, -0.38262
-0.959465, 0.0976212, 0.298332
-0.590809, 0.625819, 0.526944
0.654559, 0.720227, 0.341254
-0.634713, 0.512622, -0.434209
-0.942709, -0.306033, -0.307096
-0.116938, 1.01767, -0.198923
-0.113626, 0.278021, 0.902153
0.575131, -0.657405, 0.389969
-0.288859, 0.874994, 0.492409
0.447998, 0.357324, -0.850526
0.307546, 0.913133, 0.180912
-0.53935, 0.767436, 0.361907
0.220811, -0.811533, 0.49482
0.739869, 0.651027, -0.312727
0.604454, 0.494487, -0.598885
-0.443881, -0.849119, -0.332991
-0.469379, -0.236078, -0.857345
-0.251923, 0.724844, 0.635795
-0.195219, -0.0319595, 0.953086
-0.000113953, 0.82785, -0.575949
0.00382137, -0.785671, 0.648705
-0.879127, 0.578156, 0.00886287
-0.846872, 0.00608898, 0.498371
0.713083, 0.525851, 0.500862
0.7237, -0.713327, 0.0341674
0.957156, 0.416619, 0.0490608
0.328345, 0.637124, -0.755145
0.0638586, 0.970729, -0.0519219
0.409826, -0.0929291, -0.878435
0.762737, 0.561164, 0.408596
-0.992601, -0.0956029, -0.0803579
-0.333684, -0.999994, 0.134988
-0.104099, -0.344671, -0.910811
-0.827798, -0.353573, 0.449694
0.775716, -0.598453, 0.311772
-0.326006, -0.510052, 0.804388
-0.507685, -0.0588508, 0.824244
0.547947, -0.396186, 0.713767
0.944083, -0.164909, 0.290004
0.395295, 0.930581, 0.0604278
0.625552, -0.777784, -0.00322964
0.233527, 0.623734, 0.767329
-0.223774, -0.607414, 0.773318
0.791727, -0.319601, 0.459792
-0.645673, -0.220055, -0.700817
-0.315577, 0.170059, 0.956953
0.707039, 0.657332, -0.191157
-0.582768, -0.692613, 0.360808
0.261088, -0.39087, 0.885392
-0.670095, 0.26059, 0.678028
-0.434011, 0.117847, -0.921364
0.522043, -0.134188, -0.809585
-0.434027, 0.802036, -0.297052
-0.267883, -0.303062, -0.918019
0.0747536, -0.581695, -0.797889
0.281857, 0.0939323, 0.936121
-0.185867, 0.356237, -0.948438
0.19361, -0.985943, 0.00800598
-0.922641, 0.222279, -0.42581
-0.288483, -0.489527, -0.867594
0.515014, 0.902227, -0.0102967
-0.299667, 0.53952, 0.868282
-1.04008, 0.0916947, -0.100934
-0.406589, 0.243987, -0.871334
0.127288, 0.729478, -0.625076
0.827213, -0.466707, 0.369965
0.605487, 0.75523, 0.101829
-0.580873, -0.235605, -0.793566
-0.0366214, 1.03037, 0.207656
-0.784501, -0.376397, -0.527804
0.751377, 0.0294279, 0.612799
-0.30448, -0.340612, -0.881693
0.560556, 0.374745, -0.729478
0.352768, -0.816419, 0.355562
0.637843, -0.194226, 0.767995
-0.846058, -0.191378, 0.385755
0.307634, -0.326766, 0.896299
-0.779406, -0.522395, 0.30806
-0.761578, -0.62836, 0.146963
-0.915312, -0.330387, -0.370191
0.839785, 0.218055, -0.4846
-0.924622, -0.262399, 0.0611304
-0.209375, -0.955648, -0.191907
-0.201503, -0.856263, -0.579809
0.621615, 0.402604, 0.693624
-0.966397, -0.309229, -0.030884
-0.574277, -0.805346, -0.0624045
0.464252, 0.746653, 0.484067
0.534984, -0.452863, 0.712286
0.0172404, -1.03359, 0.0931784
0.283588, 0.947372, 0.114283
0.678657, -0.143974, 0.690068
-0.950543, 0.374301, -0.0849767
-0.0354654, 0.759831, 0.61653
0.396465, 0.780087, -0.453544
-0.198472, -0.208188, 0.967976
-0.552523, -0.778723, 0.247749
0.375585, -0.690235, 0.650894
0.669611, 0.385947, -0.617036
0.10036, -0.988975, 0.0728243
0.94335, -0.256268, -0.125105
-0.554946, 0.587052, -0.572109
0.182293, -0.909201, 0.505181
0.868167, 0.447545, 0.110966
-0.35655, -0.65059, 0.674783
0.563788, 0.649347, -0.531104
-0.0759207, -0.947497, -0.232183
0.491668, -0.470773, 0.724975
0.199526, 0.835801, -0.448541
-0.356728, -0.601819, -0.69284
0.769641, 0.332567, 0.500613
-0.0385942, 0.90259, -0.435476
0.855577, -0.217093, -0.459395
0.000602145, 0.550825, 0.810893
0.0378074, -0.772951, 0.619485
-0.247366, 0.68155, -0.72352
0.452385, 0.332112, -0.815802
-0.933969, -0.196617, 0.359938
0.16172, -0.612473, 0.768197
0.55207, 0.718723, 0.284388
0.259479, 0.622038, 0.707856
-0.0335544, 0.478689, -0.820756
-0.355725, 0.22116, -0.862404
0.00960309, 0.0857926, 1.00432
0.0970339, 0.491825, -0.8903
0.144903, -0.977921, -0.148623
-0.342226, -0.909644, -0.324788
-0.76011, 0.572064, -0.254157
-0.320418, 0.122182, -0.944076
-0.368539, -0.899028, 0.28281
-0.118284, -0.609121, 0.756521
0.37734, -0.8407, -0.32615
-0.437971, 0.0246515, 0.888459
0.564931, 0.820174, 0.140895
0.853633, -0.442, 0.0158053
-0.0420227, -0.945973, 0.229388
0.239281, -0.979487, 0.195851
0.268885, 0.425358, -0.894341
0.253105, 0.846049, -0.403091
0.794408, 0.476691, -0.440762
0.904021, -0.224221, -0.344048
-0.5782, 0.11119, -0.831618
0.239207, 0.82864, 0.498087
0.0386466, -0.896022, 0.50212
0.910244, -0.465472, -0.112726
-0.568706, -0.340293, -0.730507
-0.139138, -0.446991, -0.883608
0.5214, -0.624745, -0.55631
-0.909203, -0.389469, 0.0652937
-0.971567, 0.0776626, 0.0973634
-0.770184, 0.380984, 0.499746
-0.642703, -0.540292, 0.495966
0.783939, -0.277853, 0.600695
-0.298239, 0.266709, 0.841263
1.00906, 0.167627, 0.149817
0.775856, -0.0821268, 0.606817
-0.138612, 0.499713, -0.851784
-0.346307, 0.838446, 0.435795
0.8366, -0.573253, 0.23566
-0.287065, -0.0368823, 0.987626
0.973199, 0.193534, 0.193633
-0.918423, -0.201106, 0.263348
-0.706649, -0.577544, 0.471146
0.592016, -0.0700491, -0.813624
-0.486043, -0.347223, -0.818272
-0.570826, -0.183338, 0.746477
0.606112, -0.788639, -0.120258
0.929696, -0.057987, -0.314822
-0.50803, 0.845953, 0.306113
0.633137, 0.604005, 0.563183
0.534214, 0.383927, 0.785639
-0.0669074, 0.934935, 0.325354
-0.448436, 0.15472, 0.8666
-0.399615, -0.725009, 0.55531
-0.94479, -0.0514123, -0.422641
-0.897587, 0.0774436, -0.418057
0.713966, 0.661938, -0.3277
0.913753, 0.318475, 0.307494
0.760257, -0.599695, 0.166509
-0.146096, -0.943202, 0.278484
0.146324, 0.689537, 0.713048
-0.59183, -0.505037, -0.59492
-0.946506, -0.153339, -0.040903
-0.160904, -0.891394, -0.326392
0.265011, 0.934551, 0.194959
0.948359, 0.0928149, -0.336672
0.333656, -0.639025, 0.69306
0.828496, -0.203845, -0.498879
-0.91342, -0.245461, 0.358828
0.297021, -0.693361, -0.686949
0.69801, -0.596199, -0.396911
-0.0794859, 0.990279, 0.186119
0.886397, 0.276493, -0.423186
-0.533741, -0.312242, 0.781552
-0.654711, -0.763606, -0.168725
-0.40102, -0.894974, 0.255231
0.912171, 0.351803, -0.0629526
0.903999, -0.395882, 0.137166
-0.85974, 0.225003, -0.387468
0.687535, -0.47132, 0.515613
-0.666594, -0.0421087, 0.75458
0.907579, 0.163819, -0.359028
0.0640347, 0.610653, 0.82801
0.689888, 0.252189, -0.722364
-0.0596492, -0.469749, 0.862334
-0.213869, -0.574733, 0.74692
0.253019, 0.964817, -0.378637
0.305477, -0.875752, 0.321236
-0.818351, 0.330097, -0.536582
-0.763279, 0.371602, -0.471066
0.410607, -0.772303, -0.365244
0.107136, -0.977605, 0.150084
-0.692768, 0.516164, 0.358497
0.441095, 0.767362, 0.520731
-0.946501, 0.128744, -0.33504
0.378154, -0.0350983, 0.898449
-1.00179, 0.0331896, 0.221245
0.906437, -0.103307, -0.357803
0.449935, -0.497286, 0.700846
-0.0583147, -0.620517, 0.722549
0.161456, -1.03073, -0.20545
0.623867, 0.713901, -0.342529
0.441582, 0.693811, -0.584529
0.766996, 0.155043, -0.588824
0.319533, 0.874185, 0.510101
0.768119, 0.115623, 0.632725
0.26551, -0.32248, -0.872242
0.504969, -0.297049, -0.876669
-0.504863, -0.833413, -0.0661521
-0.383701, -0.529475, 0.746425
0.506895, -0.826113, -0.243593
-0.431979, 0.26687, 0.828563
-0.98741, 0.0081568, 0.166941
-0.81123, -0.386728, -0.355696
0.326261, 0.671955, 0.694461
1.00771, -0.159261, 0.195086
0.738768, 0.0877553, -0.650906
0.00236976, -0.86288, -0.577071
-0.00682686, -0.811027, -0.617935
0.192825, -0.924285, 0.325853
0.532329, -0.839291, -0.167906
0.312763, -0.969148, 0.0901447
0.518053, 0.782998, -0.348709
0.221602, 0.885331, -0.270121
0.0430084, -0.764309, -0.580222
0.696314, -0.208706, -0.723837
-0.806303, -0.206151, -0.542677
0.512647, 0.535369, -0.693041
0.903557, 0.0776337, 0.4353
-0.278036, -0.645315, -0.797464
-0.0411424, -0.494308, 0.805719
-0.320474, 0.961863, 0.120356
-0.186189, 0.774424, -0.539834
-0.724648, -0.401334, 0.609067
0.922726, 0.157975, 0.404147
-0.162024, 0.937707, -0.360795
0.716795, 0.170871, 0.709591
0.576182, -0.000745027, 0.782588
0.19364, 0.944583, 0.0621016
0.0267264, 0.537871, 0.850723
-0.898999, -0.132534, -0.399875
0.649149, 0.606817, 0.436497
0.79444, 0.654439, 0.0146711
0.983002, 0.113462, 0.128787
0.129185, 0.896738, -0.304133
0.827672, 0.25744, -0.464585
-0.633762, -0.3407, 0.722077
0.46828, 0.0680978, -0.883968
0.877915, 0.403435, -0.385132
0.0939786, 0.931097, -0.45374
0.159015, -1.01981, -0.0469637
0.218472, 0.91612, -0.372447
-0.674729, -0.689567, 0.25396
0.80716, -0.478088, 0.310693
0.0113185, -0.0236542, 1.01991
0.169396, -0.234671, 0.96232
-0.418705, -0.719096, 0.543653
0.547569, 0.308499, -0.786785
-0.348951, 0.778592, 0.444967
-0.0280265, 0.431794, 0.93214
-0.448594, 0.871332, 0.210048
0.563481, 0.434199, 0.696938
0.512103, 0.499958, -0.692796
0.445961, 0.820636, -0.431165
-0.63903, 0.190786, -0.659814
-0.279728, -0.87121, 0.450003
0.00928949, -0.938587, 0.290474
0.400477, -0.734506, 0.589414
-0.225534, 0.833562, 0.436023
-0.981798, -0.157145, 0.104358
0.913609, 0.0637957, 0.39113
-0.685344, 0.463804, 0.539062
0.307371, -0.953978, -0.133949
0.576748, 0.677611, -0.408943
0.392796, 0.0761856, 0.940761
0.463355, 0.819639, -0.0966005
-0.213299, -0.917467, -0.166239
0.506394, -0.813462, 0.247585
0.1837, -0.777105, 0.652332
0.816464, -0.562114, -0.185926
0.412683, -0.76249, -0.498336
-0.93353, 0.210579, -0.331227
-0.950746, -0.212963, 0.34387
-0.128923, 1.02183, -0.150285
-0.392949, 0.101931, -0.970584
-0.490751, 0.923834, -0.106893
0.610618, -0.0392729, 0.787564
-0.870039, -0.457471, 0.262853
0.106395, -0.972593, -0.214945
-0.855009, 0.378238, -0.343546
-0.609921, 0.521639, -0.534574
-0.723775, 0.158206, 0.59897
-0.371348, 0.596047, -0.666576
0.864999, 0.367988, -0.0215548
-0.231348, 0.35111, 0.876591
-0.444898, -0.89693, 0.135013
-0.393353, -0.315158, 0.854068
0.144973, -0.762284, -0.678386
-0.480639, 0.828448, -0.31397
0.846292, -0.167371, 0.386388
-0.596113, -0.700569, 0.271028
-0.845469, -0.502786, -0.309804
-0.626905, 0.479858, 0.633614
-0.342509, 0.181392, -0.892086
-0.192571, 0.835198, 0.52078
0.589189, 0.0975525, 0.741325
0.202481, -0.981295, -0.20716
1.02086, -0.219906, 0.00812954
-0.954045, -0.389422, 0.0580683
0.707102, -0.692274, 0.140641
0.239995, 0.872373, -0.306016
-0.0144531, 0.209075, -0.997333
0.193482, -0.893238, 0.177784
0.671733, -0.541543, -0.535582
-0.692385, -0.633515, -0.314792
0.0133772, 0.954177, 0.277079
-0.427539, 0.324287, 0.840541
-0.256255, -0.93677, -0.0969667
0.492388, 0.322627, 0.875171
-0.929432, -0.17548, -0.293907
0.110947, 0.953281, 0.0966868
0.236418, -0.671838, -0.626304
0.319503, 0.0835112, -0.981021
-0.00732892, 0.913782, 0.285883
-0.0641531, -0.872863, -0.395114
-0.421905, 0.131101, 0.927215
0.716068, -0.706396, -0.303018
-0.763233, 0.586249, -0.384396
-0.759821, -0.132284, 0.60826
-0.321519, 0.289697, 0.9447
-0.673311, 0.00337662, -0.733399
-0.0202001, -0.764066, -0.555121
0.0553863, 0.259263, 0.992902
-0.249214, 0.815991, -0.538657
-0.379481, 0.63224, -0.65603
-0.785666, 0.149555, -0.710338
0.745925, 0.701325, -0.0354941
0.598709, 0.463463, -0.623653
0.998146, 0.00746381, -0.157919
0.69012, 0.479501, -0.587057
-0.500959, 0.722567, 0.566958
-0.929348, 0.23705, 0.211145
0.134867, -0.906493, -0.504166
0.431083, 0.809426, -0.347557
-0.675015, -0.688375, -0.267751
-0.449764, 0.741756, 0.392845
0.17255, -0.986857, -0.061144
-0.454496, 0.738664, 0.383091
0.271296, 0.25106, -0.905341
0.953653, 0.159444, -0.101059
-0.341385, -0.924007, 0.427542
0.12594, -0.518176, 0.836805
0.185324, -0.357238, 0.953578
0.909658, -0.334965, 0.0484514
0.0155125, 0.612358, 0.735171
-0.330006, 0.354, 0.8298
0.271132, 0.938397, 0.074325
-0.917338, 0.341513, 0.240115
0.578143, -0.311027, -0.722071
0.762609, 0.417502, -0.501267
-0.511227, 0.128639, 0.84897
-0.331469, -0.290065, -0.891992
-0.492087, 0.908803, -0.0766279
0.749079, -0.435707, -0.500115
-0.228955, -0.968335, -0.38211
-0.247212, -0.925024, -0.212905
0.453738, 0.038883, -0.890704
0.266614, 0.961829, 0.204951
-0.104651, -0.863608, 0.525689
0.998972, -0.127139, 0.207216
0.128514, 0.478092, 0.882347
0.742738, 0.562588, 0.268879
-0.509507, 0.863088, -0.261528
0.458775, 0.388075, -0.831912
-0.752708, -0.678714, 0.0558477
0.949158, 0.251139, 0.0832085
-0.446373, 0.847983, -0.0489053
-0.205093, -0.79149, 0.537355
-0.764072, -0.511494, 0.187687
0.420817, -0.202974, -0.888572
0.981555, -0.14113, 0.245291
-0.84663, -0.378547, 0.0580465
-0.943437, 0.400235, -0.0133434
0.273042, -0.210646, 0.965171
0.114232, 1.01687, 0.134136
-0.533694, 0.874074, -0.142642
0.686924, -0.045496, 0.725392
-0.627158, 0.434154, 0.648558
0.942886, -0.35775, -0.0815378
0.71759, -0.221479, -0.572562
0.852769, 0.53037, 0.00542907
0.283332, 0.863014, 0.397651
-0.685164, -0.7277, 0.113175
-0.684525, -0.447007, 0.593419
-0.465772, -0.882771, -0.243061
-0.517142, -0.194886, 0.88573
-0.319894, -0.747112, 0.603214
0.157445, 0.877759, 0.358652
0.790096, 0.662135, -0.149905
-0.927894, 0.0924011, -0.188084
0.963937, -0.169527, 0.174796
0.472376, 0.127253, 0.862296
-0.0214928, -0.348299, 0.969628
0.774652, 0.450573, 0.437614
0.519488, 0.497686, 0.545289
-0.852945, 0.21515, -0.493399
-0.618818, -0.467116, -0.646319
0.767063, 0.623413, -0.185962
0.638893, -0.0444981, -0.755447
0.756383, 0.657506, 0.0791992
0.00244328, -0.702618, -0.721634
-0.539103, -0.835697, 0.0125128
-0.47682, -0.77223, -0.471374
0.476129, 0.11747, 0.881194
-0.916551, 0.342124, 0.163048
0.968208, -0.0993197, -0.153336
0.825479, 0.260047, -0.436723
-0.748196, 0.238779, -0.665262
0.254622, -0.867666, -0.247764
-0.79167, 0.275764, 0.562482
0.108397, 0.953736, 0.163342
-0.828195, 0.168179, 0.498183
-0.794799, -0.260942, -0.577127
0.78933, 0.332083, -0.446856
-0.260807, 0.70551, -0.697981
0.846817, 0.239903, 0.442114
0.436705, 0.71613, 0.59584
0.845492, 0.410244, -0.322014
0.235929, 0.9339, -0.358543
-0.24926, 0.686493, -0.610397
-0.156796, -0.864105, -0.460176
-0.459262, -0.474545, -0.754853
-0.892082, 0.42061, 0.111842
-0.919158, -0.0105844, -0.46469
-0.550554, -0.753439, 0.386066
0.265144, -0.582438, 0.713498
-0.3444, 0.78775, -0.47307
-0.633956, -0.668995, 0.405348
-0.902674, -0.488828, 0.144005
0.545505, -0.771876, -0.367588
-0.137531, -0.932919, -0.380707
-0.704093, -0.721733, 0.0424794
0.703731, -0.388475, 0.591018
-0.508902, 0.375765, 0.766675
-0.478224, -0.747908, -0.495743
-0.809015, -0.459254, -0.390732
0.934041, -0.398591, 0.0404071
-0.656309, -0.724456, -0.0964734
-0.958429, -0.000554585, 0.301057
-0.389058, 0.950166, -0.116709
-0.568159, -0.500914, 0.676251
0.588573, 0.765017, 0.415499
-0.923989, 0.184647, 0.326313
0.649366, 0.82026, -0.24464
-0.344295, 0.427636, -0.846479
-0.749872, 0.0788165, 0.6962
0.73483, 0.637873, -0.0983852
-0.44479, 0.54331, -0.677449
-0.328722, -0.858893, 0.464667
0.653636, -0.0959759, 0.728555
0.369303, -0.43534, 0.785835
-0.53713, 0.400888, 0.767969
-0.236107, 0.917328, 0.275484
-0.395467, 0.420302, 0.857821
0.619784, 0.447097, -0.717269
0.243807, -0.912684, 0.281784
0.854356, 0.336851, 0.34851
-0.226917, -0.526843, 0.750718
-0.230428, -0.552553, -0.819717
-0.132048, 0.242868, 0.942345
0.199405, -0.709469, -0.672106
0.467171, -0.644076, -0.617409
0.501682, 0.0728939, 0.839913
0.0879882, -0.876739, 0.498434
0.212369, -0.70214, -0.620611
0.654199, -0.775285, -0.124788
-0.668537, 0.449982, 0.534296
0.65928, -0.77452, -0.0314575
-0.986963, 0.162995, -0.242132
-0.56138, 0.877125, 0.0453369
-0.812355, -0.541441, -0.351792
0.867981, 0.417295, 0.244192
-0.298522, 0.558598, 0.798818
-0.521941, -0.659085, -0.487718
0.681823, -0.730373, 0.278823
-0.0267814, 0.719185, 0.749634
0.132724, 0.991937, -0.319036
-0.594292, 0.705421, -0.430754
0.271881, -0.118211, 0.979052
-0.528647, -0.0725726, 0.868888
0.963472, -0.115555, 0.365227
0.805208, -0.346245, 0.290599
-0.687613, -0.660336, -0.142781
0.702913, -0.0658804, 0.718698
-0.344064, 0.0038404, -0.910583
0.389855, 1.0053, -0.173543
0.624712, -0.781917, 0.218645
-0.639637, 0.464857, -0.655095
-0.687416, -0.737433, 0.036125
0.580039, -0.814034, 0.136278
0.773081, -0.360438, 0.476556
-0.91518, 0.0192237, 0.386481
0.136684, 0.582159, 0.755334
-0.49224, -0.0330691, -0.922215
0.332713, 0.842084, -0.409173
0.753922, -0.206199, 0.544542
0.709689, -0.40501, 0.551733
-0.0480403, -0.883011, 0.510928
0.569585, -0.46461, 0.666625
-0.474148, 0.822652, 0.275617
0.202157, 0.970541, 0.222189
-0.61594, 0.321193, -0.734969
0.657696, 0.375794, 0.58377
0.765988, 0.638155, 0.0269622
0.777868, -0.480204, -0.448589
0.211786, -0.335159, -0.895342
0.0914665, 0.94608, 0.0304442
-0.695386, -0.0859122, 0.69425
0.666363, -0.592788, -0.470244
-0.364973, 0.041895, 0.937401
-0.558394, -0.761692, 0.321751
0.446474, 0.82875, -0.212667
0.510115, 0.516496, 0.668222
0.899869, -0.399741, 0.209121
0.612896, -0.795581, 0.122743
-0.482455, 0.253179, -0.888098
0.223293, 0.183576, -0.959637
-0.744515, -0.625952, 0.313187
0.812831, -0.228387, 0.486127
0.516521, 0.768971, -0.276707
-0.339109, -0.778732, -0.611922
-0.405613, 0.395119, -0.874355
0.731848, 0.437118, -0.531575
0.243249, 0.871244, -0.486846
-0.193397, -0.907218, -0.323424
0.706799, 0.763395, -0.0724725
-0.282496, -0.508398, -0.751859
0.585184, 0.505709, 0.630035
-0.361487, 0.804786, 0.543844
0.180274, 0.976645, 0.180624
-0.653282, 0.271857, 0.694084
-0.9781, 0.0327939, 0.0134559
0.227844, 0.913832, 0.253126
0.5458, 0.274008, -0.746357
0.0484863, 0.190419, 0.958473
-0.394358, -0.898281, 0.0877685
-0.900329, 0.330368, 0.259161
-0.506439, 0.798163, 0.266478
0.463402, -0.293846, -0.819902
0.25297, 0.715204, -0.525587
-0.147024, 0.187262, 0.960582
-0.0742715, -0.971218, 0.020536
0.573508, 0.817411, -0.128144
-0.734772, 0.587591, -0.172186
-0.00392433, 0.778233, -0.595265
-0.551867, -0.792634, -0.185278
-0.26137, -0.826646, 0.543158
0.742485, 0.282074, 0.645155
0.133624, 0.953519, -0.40422
-0.579624, -0.511679, 0.673439
-0.364088, 0.300757, 0.828186
0.0951699, 0.284131, 0.932051
-0.17123, -0.432052, 0.911594
0.280318, 0.914621, 0.0869046
0.588263, -0.216744, 0.669658
0.788815, -0.443507, -0.362727
0.104972, 0.962526, -0.257622
0.931588, 0.240547, -0.0376903
-0.782884, 0.039696, -0.471152
-0.273915, 0.986705, -0.214335
-0.78417, 0.39213, 0.432025
0.698872, 0.557717, 0.581405
0.922558, 0.380098, 0.270837
0.751694, 0.660556, 0.0371082
-0.218172, 0.0189351, 0.927959
-0.25432, 0.916949, 0.339521
0.101363, 0.32135, 0.954012
0.684273, 0.515829, 0.578228
-0.620456, 0.648173, -0.455618
0.863942, -0.471948, -0.273474
-0.193341, -0.753274, -0.601394
1.02734, -0.311774, 0.00101181
0.25183, 0.456453, -0.839353
0.197903, -0.76067, 0.56148
-0.363611, -0.402644, 0.896202
0.527702, 0.26529, -0.865791
0.214186, 0.0839582, -0.979496
-0.169288, -0.0726943, -0.983692
-0.178862, 0.444076, 0.869816
-0.47841, 0.393387, -0.714272
-0.169062, -0.209765, -0.987527
-0.846392, 0.189314, -0.421083
-0.505716, 0.773211, -0.221448
0.706635, 0.0459568, 0.731881
0.284626, 0.408915, -0.854821
-0.592404, -0.297798, 0.713912
0.480759, -0.00674159, -0.810739
0.352498, 0.325227, -0.902184
0.393427, -0.872866, 0.196964
-0.493422, -0.801569, 0.297456
0.678961, 0.41558, 0.551125
-0.509186, -0.412006, 0.816318
0.133306, -0.991127, -0.161654
-0.344076, -0.10886, -0.89429
0.588511, 0.784572, -0.200869
-0.724903, 0.496165, 0.503599
-0.188882, 0.927768, 0.137118
0.606116, -0.24736, -0.664714
0.373882, 0.891792, 0.0901364
-0.917305, -0.0242291, -0.446275
0.17206, -0.704918, -0.618825
0.0456734, 0.780421, -0.691627
0.188059, -0.0972589, -0.999519
-0.933763, 0.142261, 0.30702
0.162936, -0.914039, 0.466903
0.427961, 0.833595, -0.352879
-0.853063, 0.470201, -0.203302
-0.16488, -0.173462, 0.979972
0.377136, -0.0692973, 0.921026
0.828997, -0.61585, 0.0393266
-0.951441, -0.00821943, 0.328494
-0.71084, -0.258909, -0.717955
0.891855, 0.389727, 0.242056
0.0816428, -0.188538, 1.03224
0.429531, -0.851883, -0.289814
0.779207, 0.554752, -0.217689
0.698979, 0.606513, 0.319126
0.930503, 0.358185, -0.0930973
-0.807896, 0.252147, 0.447277
-0.0874274, 1.0213, -0.0465152
-0.261774, 0.118405, 0.930235
-0.408152, -0.716899, -0.589182
0.0548067, -0.355338, -0.95789
-0.905001, -0.380545, 0.179316
0.00423364, 0.28415, 0.971029
0.693975, -0.692313, -0.0811983
0.930858, -0.364955, 0.198632
-0.911469, 0.322941, -0.351548
-0.340968, 0.908173, 0.340659
-0.338605, 0.360036, 0.884694
-0.520007, -0.858768, -0.064445
-0.691443, 0.526858, 0.465181
-0.386671, -0.951745, -0.0458483
0.26707, 0.806067, 0.527778
0.435155, -0.655778, 0.631697
-0.951555, 0.160929, -0.255075
0.36502, -0.864328, -0.470452
-0.0399989, 0.880862, 0.483828
0.620883, 0.287801, -0.75354
-0.607283, 0.53434, 0.561438
-0.00894988, 0.733931, 0.742156
0.688319, -0.481022, -0.474272
0.428364, 0.877192, 0.0322368
-0.792336, -0.406324, -0.452218
0.000256024, -0.619903, -0.723039
0.976048, -0.053824, 0.0288113
0.69323, -0.69181, -0.0481794
-0.891578, -0.397869, 0.0810501
0.929903, 0.410472, 0.0591476
-0.399411, -0.751668, 0.470869
-0.838167, -0.38648, -0.334592
-0.361118, -0.750271, -0.456756
0.895888, -0.497164, -0.155742
0.71391, 0.701626, 0.126854
-0.293509, -0.750856, -0.565179
-0.635688, 0.674077, -0.402109
0.798871, -0.615869, -0.143938
0.474595, 0.682643, -0.577287
0.829587, -0.345662, -0.506565
0.383146, 0.489101, -0.802047
-0.596581, 0.714102, 0.336464
-0.548643, -0.197904, 0.769003
-0.17161, 0.146027, 0.982143
-0.706667, -0.699546, 0.161437
-0.719356, 0.525646, 0.422922
0.843752, -0.297971, -0.393033
0.892314, 0.374386, -0.379425
-0.277187, -0.299476, 0.914426
0.230968, 0.331526, 0.96396
-0.613286, 0.459908, 0.596229
0.344173, 0.767082, -0.549807
-0.658969, 0.745138, 0.0237348
0.0730987, 0.221549, -0.927563
0.650804, -0.0457198, -0.751274
-0.38571, -0.637556, -0.634473
0.935417, 0.288922, 0.0542012
-0.906818, -0.512932, -0.160635
-0.315369, 0.856619, 0.346
-0.724758, 0.492345, -0.541475
-0.923298, -0.0162709, 0.484242
-0.131506, 0.060244, 0.964987
0.454855, -0.904108, 0.111626
-0.825028, 0.367984, 0.405759
0.146623, -0.0928161, -0.981071
0.491282, -0.224041, 0.807458
0.482036, -0.056651, 0.859139
0.0125724, -0.0870554, -0.977854
0.720298, 0.637918, 0.122736
-0.707746, -0.346469, 0.592122
-0.903756, -0.425336, -0.145385
-0.983735, -0.117319, 0.0982531
0.0853331, -0.0472559, 0.991718
-0.186754, -0.476294, -0.770146
0.666395, -0.694374, 0.351745
-0.0478189, 0.324836, -0.89157
0.0563729, -0.990549, 0.0745737
0.120621, 0.837189, 0.553148
-0.644208, -0.0519866, -0.839463
-0.268139, 0.521468, 0.777815
-0.197683, -0.546914, -0.814518
0.965048, 0.174125, 0.344578
-0.536187, -0.148952, 0.863449
0.948874, 0.0939053, 0.0745212
-0.564145, -0.334538, -0.751547
0.769051, -0.0866758, 0.627544
-0.584437, -0.517927, -0.704707
-0.0456662, -0.207394, 0.965432
-0.835922, -0.419886, 0.306954
0.839847, -0.602583, -0.00473387
0.15738, -0.793117, -0.649202
0.902678, 0.391233, 0.0725913
-0.246399, -0.484875, 0.863955
-0.512348, 0.31935, -0.74764
-0.666169, 0.723977, -0.278297
0.403796, 0.858684, 0.406639
-0.389766, -0.835228, -0.415352
-0.928511, 0.145054, -0.334539
-0.305413, 0.0977432, -0.911138
0.175265, 1.00415, -0.0506006
-0.935634, -0.229003, 0.304515
0.100441, -0.310459, -0.951068
0.717473, -0.477387, -0.383398
0.874883, 0.487255, -0.0691162
-0.0179454, -1.05869, -0.0337738
-0.181967, 0.841881, -0.576485
-0.596021, 0.48049, 0.59594
-0.0885093, 0.200275, 0.948422
0.0468185, 0.0988373, -0.954292
0.315579, 0.367009, 0.820624
1.01348, 0.00783811, 0.0221789
-0.584979, 0.192115, 0.810625
0.828024, -0.641279, 0.236128
0.678285, -0.399106, -0.698905
0.910571, -0.351713, 0.00782707
0.78584, -0.559026, -0.190039
-0.578274, -0.546619, -0.672775
-0.156277, 0.936309, 0.305308
-0.654352, -0.381521, -0.682285
-0.448246, 0.827443, 0.210961
-0.493437, -0.109127, 0.870827
0.37731, 0.188761, 0.935153
-0.500908, -0.197459, -0.794948
0.870067, -0.469298, -0.0732007
0.510933, 0.517191, -0.617007
-0.714033, 0.642616, 0.070649
-0.918163, 0.428334, -0.251118
-0.517693, 0.851975, 0.178705
0.376663, -0.191302, 0.845647
-0.818021, -0.279012, -0.394923
0.0350576, 0.816539, 0.537235
0.575124, 0.242485, 0.773492
-0.848491, -0.0815871, 0.432533
-0.748701, 0.597203, -0.199126
-1.00981, 0.0578912, 0.0601304
0.596387, 0.718903, 0.444703
0.540875, 0.342539, -0.813312
-0.901908, -0.336676, -0.383917
0.694456, -0.444061, 0.543578
-0.29172, 0.452682, -0.864627
-0.633506, -0.543213, -0.50099
0.286272, -0.791856, 0.520802
0.49497, -0.421279, 0.782365
-0.921806, 0.139412, -0.244337
-0.188767, -0.9475, -0.27478
0.561133, 0.793793, -0.0366228
0.322768, 0.870191, -0.377805
-0.00675518, 0.515441, -0.870222
-0.832474, -0.56348, 0.171831
-0.753821, 0.612417, -0.0828823
-0.47912, 0.73789, 0.451115
-0.486285, 0.843292, -0.24382
-0.85024, -0.0699913, 0.570908
-0.130645, -0.977656, 0.34356
-0.330487, 0.719914, 0.636256
0.99136, 0.109348, -0.204068
-0.16377, -0.187994, 0.977377
0.618358, -0.37219, 0.71081
0.974548, 0.373492, 0.177507
-0.161707, -0.740045, 0.613456
0.581963, 0.58822, -0.528602
0.783585, -0.606521, 0.148409
0.787947, 0.578897, -0.0213625
-0.880732, -0.468174, 0.181884
0.0516632, 0.0139071, 1.01032
0.0382594, -0.944779, -0.086072
-0.379267, 0.902821, 0.125226
0.926421, 0.327035, -0.0190284
-0.00951351, 0.668275, -0.758134
0.234797, 0.0896035, -0.938905
-0.102787, -0.577524, -0.810488
0.619904, -0.793243, 0.242478
-0.262203, 0.0154723, -0.953382
-0.297638, -0.90359, 0.0118155
0.4226, -0.0603842, -0.901268
0.148627, 0.800669, -0.584387
-0.465343, 0.4432, 0.808989
-0.104552, 0.801486, -0.56097
0.825712, -0.0113924, -0.551143
-0.700794, -0.713835, -0.0246005
-0.0297251, -0.815274, 0.590793
-0.860608, 0.332002, 0.383768
-0.423052, -0.824247, -0.492545
0.911982, 0.0549428, -0.323015
0.499182, -0.87846, 0.152002
0.320585, 0.572598, 0.74989
0.800535, -0.237732, 0.521914
0.151904, -0.284699, 0.941839
-0.600024, -0.422372, 0.702943
-0.779374, -0.114899, 0.649629
0.304863, -0.450119, -0.862804
-0.797472, 0.61249, -6.45179e-05
-0.224427, 0.276091, 0.925328
-0.653471, -0.508893, 0.540751
0.437265, 0.515352, 0.704057
0.772521, -0.395201, 0.548459
-0.512207, 0.140711, 0.85814
-0.618199, -0.134922, 0.796129
-0.501239, -0.23313, -0.90074
0.978805, -0.149278, 0.0298133
-0.995467, 0.161639, -0.26085
-0.492456, 0.723184, 0.449448
-0.530626, 0.706076, -0.441503
-0.484848, 0.840904, -0.219657
0.645554, -0.726635, -0.133074
0.932644, -0.252414, 0.231912
0.474732, 0.499218, -0.661946
0.868445, 0.178981, -0.48242
-0.312306, -0.574365, -0.849785
-0.330069, -0.852279, 0.299824
-1.02289, -0.11398, -0.0963188
-0.397887, 0.90325, 0.274197
-0.336547, -0.18195, 0.918771
-0.130591, -0.238961, 0.939427
0.119876, -0.198414, 0.999432
0.798101, -0.424187, -0.129465
0.400793, -0.0278336, -0.956618
0.666705, 0.261845, -0.75405
-0.748229, 0.594223, 0.342298
0.976313, -0.330368, -0.0216593
-0.313254, -0.274585, -0.897205
-0.947083, -0.288349, 0.119748
0.831474, -0.53725, -0.00863175
0.875701, 0.20007, -0.418704
0.0362773, -0.705788, 0.706253
0.351895, -0.838051, 0.259113
0.539095, -0.216525, 0.726131
0.0585238, 0.940395, -0.322809
0.000863202, -0.683119, -0.727545
0.872983, -0.474084, -0.327264
-0.975402, 0.10212, 0.0991978
0.385577, -0.431395, 0.748465
0.134306, 0.403917, 0.941075
-0.671566, -0.348211, 0.615099
0.00478532, 0.464612, -0.930416
-0.849736, -0.455867, -0.232857
-0.495891, 0.0237498, -0.837806
-0.86767, -0.0525753, 0.499048
0.89043, 0.262057, 0.351841
0.828158, -0.425972, -0.218392
-0.893409, -0.39301, 0.205916
0.936412, -0.259257, 0.160815
-0.907694, -0.14765, -0.401804
0.144851, 0.55922, 0.856487
0.827437, -0.265586, -0.4776
0.664894, -0.463868, 0.643696
0.986889, -0.174469, -0.0370554
-0.77437, -0.449349, -0.445173
0.610817, -0.720235, -0.290083
-0.0593443, -0.312905, 0.938315
-0.68589, -0.70755, -0.253049
0.400515, -0.935698, -0.247951
0.0482905, 0.953665, -0.235011
0.22254, 0.895631, -0.39791
-0.311187, -0.345657, -0.937105
-0.508343, 0.48173, 0.692337
-0.957658, -0.0918839, 0.127191
0.92636, 0.0285417, -0.438617
0.244222, -0.879396, 0.488018
-0.158066, 0.780223, 0.528961
-0.0885472, -0.628695, -0.757401
0.12435, 0.919091, 0.346353
0.485493, 0.764308, 0.320735
-0.0189002, -0.917158, 0.287747
-0.517616, -0.864783, -0.261486
-0.327293, -0.664051, 0.739449
0.798696, 0.549823, -0.145096
-0.23401, 0.870994, -0.519485
0.559987, -0.767108, 0.222676
0.404053, -0.220289, 0.895979
-0.949217, 0.129125, 0.24107
0.462065, -0.732401, -0.465874
0.88731, 0.340598, -0.197978
-0.466621, -0.859881, 0.234868
-0.29726, 0.443012, 0.857974
0.429215, -0.916193, -0.0571113
-0.428413, 0.890484, 0.164209
0.544952, -0.36394, 0.770022
-0.818593, 0.368363, -0.51165
-0.473741, -0.862593, -0.0999905
0.725733, -0.507051, -0.412183
-0.057393, 0.791254, 0.589243
-0.945967, -0.299413, 0.20234
0.0801844, -0.0136584, 0.98332
-0.00519698, 0.0621049, -0.982981
0.479003, 0.78468, -0.4584
0.414825, 0.856748, -0.268736
-0.799905, 0.324183, 0.426889
-0.0944787, -0.0856971, 0.97554
1.00549, 0.0354974, 0.023783
-0.684804, 0.468068, -0.616944
-0.871751, -0.464953, 0.118872
0.474332, 0.802956, 0.318956
0.879176, -0.0525243, -0.315748
0.345319, -0.75812, 0.617873
0.557175, -0.654877, 0.463508
0.386039, -0.240752, 0.871585
0.545277, -0.805758, -0.242703
-0.250094, 0.116818, -0.97978
-0.414382, -0.657279, -0.669266
0.945588, 0.0295855, -0.323806
0.357603, -0.852998, 0.243685
0.926767, -0.190841, 0.180397
0.475974, -0.579297, -0.686655
0.142716, -0.511818, 0.818822
0.384863, 0.983471, 0.00308902
-0.64832, -0.602564, 0.369416
0.421619, 0.323821, -0.817027
0.716175, 0.361896, -0.536531
-0.293773, 0.721312, -0.657909
-0.788532, -0.260636, -0.590063
0.452049, -0.833996, -0.374551
-0.884863, -0.0011998, -0.35679
0.46885, 0.129713, -0.913145
0.231752, -0.877012, 0.488065
-0.572106, 0.773154, 0.318574
0.0458227, -0.680071, 0.795
-0.231581, -0.226133, 0.953315
-0.441, -0.86426, 0.267962
0.841999, 0.248553, -0.417893
0.3721, -0.444789, -0.79559
-0.545456, -0.846669, -0.0895891
-0.836117, 0.206714, 0.485039
-0.272064, -0.280891, 0.876123
0.208853, -0.0258167, -1.01674
0.100883, -0.868539, -0.57356
-0.328905, 0.119799, 0.901712
0.765984, -0.335276, -0.557747
-0.549792, -0.225614, -0.763151
0.108487, 0.941328, -0.186365
1.02971, -0.0562842, -0.0490592
-0.0385128, -0.962468, -0.211635
0.324931, -0.644412, 0.680606
-0.0499343, 0.676069, 0.722679
0.732363, 0.433735, 0.513691
0.380762, 0.386642, -0.79773
-0.374013, 0.15038, -0.892512
-0.716867, -0.31972, -0.649166
-0.341918, 0.538385, -0.796792
0.0179851, 0.412766, 0.924969
0.778372, 0.304638, 0.54827
0.772178, 0.341723, -0.563165
-0.358012, 0.0488426, 0.960748
0.0964873, 1.01295, 0.154269
1.03811, -0.173456, -0.117223
-0.065851, -0.00603108, -0.957245
-0.717224, -0.583969, -0.327546
0.765799, 0.107499, 0.660464
0.732265, -0.723502, -0.22632
-0.704731, 0.568669, -0.191735
-0.802332, -0.0796616, -0.494427
-0.0970969, 0.898419, 0.379977
0.447821, -0.047525, 0.903427
-0.600455, -0.676129, 0.403985
-0.0419957, 0.0084426, -1.00703
-0.915055, -0.416672, 0.121433
-0.304458, -0.512887, -0.814245
-0.305586, 0.930161, -0.292879
0.879302, -0.304799, -0.326079
-0.0226344, 0.948363, -0.286897
0.419385, 0.854954, 0.36564
-0.0385115, 0.440459, -0.915458
0.902314, -0.157457, 0.435043
-0.172003, -0.287481, 0.964612
0.778949, 0.550682, -0.359536
-0.311248, 0.90995, -0.36461
-0.496815, 0.847591, 0.272869
0.934385, -0.278526, -0.219795
0.456356, 0.832987, -0.197208
0.533539, 0.812298, -0.166349
-0.825669, 0.607434, -0.203538
-0.528448, -0.431498, -0.807167
0.56927, -0.338512, -0.751119
-0.2276, -0.0555164, -0.988158
0.538428, 0.486482, -0.59214
0.264465, -0.217497, -0.943958
0.246668, 0.649105, 0.74276
-0.0373225, 0.655472, 0.730717
-0.0259081, -1.04817, -0.201052
-0.700474, -0.697896, -0.271713
-0.707622, 0.309847, 0.559819
-0.867888, -0.245659, -0.448429
-0.125864, -0.819983, 0.550681
-0.0922255, 1.0076, -0.211515
-0.190637, 0.204524, -0.981311
-0.602, -0.688789, 0.433148
0.597089, -0.68041, 0.359592
-0.10152, -0.359963, 0.924789
-1.05877, 0.0740008, -0.00228833
0.336336, -0.991926, 0.0168773
0.0621717, -0.687353, -0.713113
-0.198062, 0.936818, -0.306357
-0.686453, -0.419527, 0.562815
-0.654302, 0.647947, -0.473692
0.867818, -0.245301, -0.402114
0.813185, -0.159613, -0.611537
-0.268319, 0.448556, -0.867274
-0.519318, 0.325563, 0.842823
0.112133, 0.49938, -0.863419
-0.669823, 0.712418, 0.0620917
-0.177144, 0.765402, 0.524369
-0.223084, -0.132055, -0.978115
0.18474, 0.889282, 0.43815
-0.735757, -0.0131397, -0.582724
0.799515, -0.0548087, 0.531306
0.306092, 0.673611, 0.721014
-0.385384, -0.0997925, 0.921831
0.452059, -0.0751103, 0.841962
0.229213, 0.968134, -0.112414
0.871198, -0.371346, -0.297353
0.255048, -0.52961, 0.887045
0.210471, -0.641368, 0.638963
0.403186, -0.324077, 0.816227
-0.682493, 0.671578, -0.288945
-0.206144, 0.132688, 0.99409
-0.546796, 0.37061, 0.757126
-0.982543, 0.289457, 0.27193
-0.201967, 0.902743, 0.410075
0.729024, 0.531173, -0.48298
0.393108, 0.0529836, -0.868689
0.325345, -0.866495, -0.22992
0.82159, 0.628694, -0.130705
0.0477284, 0.949405, -0.345313
0.668826, 0.452515, -0.670855
0.871586, -0.155556, 0.424468
0.500404, -0.480684, 0.70507
-0.0868281, -0.490484, -0.817682
-0.89918, -0.321595, 0.422269
0.142284, 0.899576, 0.376239
0.827515, -0.581681, 0.13075
-0.365275, -0.0160412, 0.962568
0.867574, -0.408823, -0.270278
0.378573, -0.169105, 0.879718
0.891816, 0.361988, 0.289559
0.70717, -0.327686, -0.689567
0.884456, -0.13663, -0.532321
0.261572, 0.219848, 0.914517
0.920147, 0.244472, 0.0713334
0.545815, 0.269426, -0.856324
-0.0314807, -0.643507, -0.762839
0.829317, -0.407877, 0.312092
0.886573, 0.0412462, -0.424997
0.86599, -0.423489, -0.207953
0.633688, 0.55054, 0.627585
-0.631145, -0.604277, -0.478315
0.765862, -0.179306, -0.609063
-0.11995, 0.471276, -0.895016
0.362143, 0.501968, -0.817025
0.888584, -0.540679, -0.00603084
-0.755464, -0.434667, 0.577774
-0.209496, -0.993789, 0.0412506
0.629537, 0.488335, 0.588946
-0.592908, 0.838201, 0.0909648
0.632874, 0.0489771, -0.731889
-0.6909, 0.327508, 0.59591
0.506968, -0.230864, 0.837949
-0.56138, -0.534852, 0.659016
-0.780639, -0.622179, -0.0102175
-0.912104, 0.302533, -0.197076
0.202807, 0.545495, -0.815543
-0.234334, 0.755404, -0.566358
-0.512068, -0.699039, -0.520508
0.491095, -0.413931, 0.837223
0.596137, -0.762272, 0.409114
-0.905885, -0.339627, -0.129678
0.988702, -0.0567051, -0.293474
0.164771, 0.952838, -0.173231
-0.0615781, -0.0668135, 0.964812
-0.417036, -0.434464, -0.767962
-0.090161, -0.294789, -0.943916
0.354409, 0.464532, 0.805095
0.566603, 0.168895, -0.862985
0.132712, -0.0524226, -0.996559
-0.999782, 0.143128, 0.0487923
0.76143, -0.249335, 0.71051
-0.497289, 0.571932, -0.647228
-0.78186, -0.239176, 0.589181
0.120511, -0.972104, -0.123558
0.877594, 0.454937, -0.29889
-0.829041, 0.278357, 0.514955
0.172237, -0.243496, -0.93994
-0.573518, -0.621844, -0.435056
-0.297992, 0.901297, -0.383254
-0.596577, -0.749988, -0.301566
0.324025, -0.924066, 0.20628
0.667418, 0.673048, 0.258884
-0.0913582, -0.766188, 0.590998
-0.969354, 0.157534, 0.131999
-0.128254, -0.777275, -0.619713
0.561598, -0.638561, 0.444889
0.144045, -1.01615, 0.0126832
0.0272714, 0.877325, -0.499691
-0.189894, 0.7662, 0.608363
-0.499485, 0.116294, -0.860143
0.75096, -0.652214, -0.182787
0.34775, 0.208538, 0.9218
-0.0779742, -0.843751, -0.484944
-0.0136939, -0.735949, 0.63429
-0.969099, 0.169831, 0.3227
-0.689888, -0.539655, 0.397084
-0.248839, 0.997049, -0.0780784
-0.744146, -0.57515, 0.363227
0.919228, -0.250963, 0.206576
-0.693527, -0.631881, -0.32192
0.0715084, 0.935889, 0.314837
-0.331165, -0.949682, -0.0259599
0.74149, -0.340452, -0.616944
-0.972215, 0.152523, 0.218972
-0.191246, -0.617196, -0.737421
-0.169743, -0.291306, 0.936695
0.493705, 0.873334, -0.33285
-0.402794, -0.272522, 0.836397
-0.45438, -0.831138, -0.335704
-0.173833, -0.227432, -0.93035
-0.326907, 0.0414849, 0.972002
-0.518415, -0.868189, 0.0412834
-0.831486, -0.499163, 0.261402
-0.574929, -0.57333, 0.604835
-0.152878, -0.0525942, -1.00585
-0.415131, -0.485708, 0.799443
-0.164828, -0.970185, 0.294086
0.310463, 0.866944, 0.343854
-0.239317, -0.374144, 0.88375
0.181095, 0.312499, -0.913206
-0.885147, 0.43812, 0.333487
-0.939943, -0.213597, -0.103466
-0.876315, 0.477489, 0.0305651
0.464934, 0.796025, -0.383959
0.658495, 0.680885, -0.312399
0.115875, -1.00538, -0.173387
0.761559, -0.342486, 0.534485
-0.563969, -0.172384, 0.822633
-0.597104, 0.750662, -0.251845
0.395396, -0.652765, -0.602176
-0.231774, -0.827459, 0.530678
0.883492, -0.49665, -0.162394
0.239582, -0.00279574, 0.944108
-0.874339, -0.363083, 0.262041
-0.678235, 0.254958, 0.752065
0.224017, -0.815916, 0.406386
-0.927679, 0.151712, 0.383423
0.204661, 0.748912, -0.632827
-0.292372, -0.765313, 0.589037
-0.237766, 0.642362, -0.709224
-0.521774, -0.46225, -0.713722
-0.059466, 0.357377, 0.908939
-0.437627, 0.82417, 0.38364
0.540883, 0.702369, 0.578716
-0.863266, 0.439276, 0.353983
0.14383, 0.0951652, 1
-0.0747295, 0.89361, -0.465339
0.860845, -0.047993, -0.53136
0.904131, -0.0935574, 0.358953
0.848194, -0.326974, -0.441564
0.306724, 0.0130733, -0.986548
-0.821001, 0.400018, -0.40369
-0.366005, -0.914764, 0.212311
0.919513, -0.460151, 0.155765
-0.525349, 0.284459, 0.807501
-0.731361, 0.678091, -0.0603803
0.361837, -0.628557, 0.7308
-0.777376, 0.414585, 0.486703
-0.64701, -0.684857, 0.210849
0.196983, -0.828188, 0.587329
0.361173, -0.981035, 0.106687
0.420263, -0.484027, 0.701618
0.770786, -0.407746, 0.439674
0.0973579, -0.58224, 0.706441
0.448298, 0.114548, -0.906012
0.362308, -0.494044, -0.80942
0.734088, 0.640418, -0.187114
0.782748, -0.431972, 0.36347
0.815375, -0.473533, 0.103392
-0.606104, 0.820207, 0.119363
-0.171345, 0.84208, -0.489095
-0.0862614, -0.681606, -0.711222
0.194716, -0.616774, 0.760669
0.833792, -0.0796359, 0.634623
0.777302, 0.537596, -0.210187
-0.330583, -0.06372, -0.925751
0.485976, 0.784522, 0.269129
-0.18279, 0.935018, 0.111522
-0.992811, 0.233, -0.114889
0.800842, 0.493055, -0.117053
0.606978, -0.764846, -0.252026
0.885942, 0.401366, -0.384212
0.00440371, -0.529019, 0.833351
-0.0914307, -0.1404, -1.02784
0.867041, 0.502502, 0.0585868
0.0261521, -0.926028, -0.400046
-0.212322, 0.985202, 0.109823
-0.138403, -0.219227, -0.93023
-0.598944, -0.507836, -0.613942
0.115222, -0.881622, 0.491786
-0.0825591, -0.0366388, -0.993828
-0.289491, -0.916372, -0.0224525
-0.578496, -0.764875, -0.183959
-0.218612, 0.885279, -0.443103
-0.803357, -0.297274, -0.509452
-0.596048, 0.133022, 0.794629
-0.157027, 0.739841, -0.588997
0.693944, 0.482728, -0.511961
0.263152, 0.805999, 0.592167
0.340797, 0.0658102, 0.961182
0.861484, -0.104052, 0.540727
-0.826237, -0.363143, -0.392307
-0.800448, -0.529926, -0.372585
-0.97149, -0.0466366, 0.123054
0.805219, -0.052686, 0.567573
-0.489436, 0.872225, 0.35117
-0.231728, 0.107352, 0.972096
0.0300034, 1.01225, -0.104613
0.0784261, -0.483303, -0.905852
-0.0796848, 0.978658, -0.0495642
-0.164824, 0.0862533, 0.981306
-0.13718, 0.398206, 0.881126
0.644371, 0.0297555, -0.748637
-0.928771, 0.1808, -0.467885
-0.460228, -0.58528, -0.661765
-0.703666, -0.486968, -0.510287
-0.306624, -0.894963, -0.31569
0.743219, -0.431256, -0.489662
0.569699, 0.0819978, -0.727318
-0.128505, -0.726696, 0.664469
0.354759, -0.587831, -0.669531
-0.185805, 0.895827, 0.384302
-0.469582, -0.260705, -0.865454
-0.0505724, 0.010283, -1.03776
-0.0180752, 0.409264, 0.968927
-0.501979, 0.425162, 0.700562
-0.302203, -0.580332, -0.764651
-0.833684, -0.34887, 0.46724
0.561125, -0.136508, -0.811992
0.170728, -0.838649, -0.553071
-0.684699, -0.722065, 0.215309
-0.159387, 0.876286, 0.450666
-0.823442, -0.550066, -0.0576625
0.742655, 0.673875, -0.104196
0.389202, -0.217578, 0.865916
0.835173, 0.408148, 0.451304
-0.640495, -0.446955, 0.632812
-0.0512863, 0.583286, 0.771741
-0.29984, -0.86962, -0.344937
-0.358744, -0.444729, -0.815597
0.89265, -0.0316554, -0.48678
-0.0234808, -0.497351, -0.885796
0.829388, 0.229089, -0.484666
0.456475, 0.858594, -0.0419216
0.148377, -0.959366, 0.16223
-0.66465, -0.771243, 0.178192
-0.862274, 0.292563, 0.44607
0.139781, 0.879395, 0.483731
-0.186681, -0.87351, -0.4019
-0.617271, -0.831625, -0.0238227
-0.144137, 1.04526, -0.209326
0.165084, 0.415527, -0.934033
-0.541676, -0.747106, 0.414439
0.158491, -0.973289, 0.100367
-0.51199, -0.754117, -0.349612
0.554632, 0.0937928, 0.840356
0.83104, 0.478833, 0.298136
-0.90502, 0.3212, -0.163653
-0.442055, 0.884513, -0.100256
-1.02085, 0.11024, 0.11058
-0.64984, 0.185175, -0.787379
-0.313128, -0.522213, -0.771638
-0.150232, -0.508175, -0.846398
0.907136, -0.29394, -0.255302
-0.0656338, -0.950498, 0.214222
0.779401, -0.527185, -0.152792
0.688164, -0.0938309, -0.715982
-0.313815, -0.305633, 0.867929
0.169339, 0.221189, -0.943844
-0.534073, -0.773329, -0.284692
-0.752141, -0.516995, 0.320454
-0.0513957, 0.654212, 0.745106
-0.921641, 0.322615, -0.255809
-0.50625, -0.222148, 0.899687
-0.833911, -0.541967, -0.100501
1.01161, -0.194045, -0.117596
-0.865761, 0.459743, -0.371656
0.977822, -0.203826, 0.0486227
0.0408177, -0.956257, -0.234097
0.625701, -0.748816, 0.223833
-0.242125, 0.684046, -0.697108
-0.940004, -0.0715864, -0.313475
-0.240729, -0.18387, 0.990721
-0.312314, -0.646706, 0.758581
-0.978271, 0.0344065, 0.313375
0.581824, -0.633413, 0.548393
-0.202736, -0.629027, -0.711919
0.431943, -0.879256, 0.364117
-0.735768, -0.634758, 0.0683804
-0.740936, -0.433439, -0.515711
-0.741391, 0.642713, 0.277871
-0.802045, -0.370807, -0.438581
0.386045, 0.514319, -0.779849
0.751876, -0.651083, 0.00348532
-0.764835, -0.635263, -0.0223903
0.467524, -0.155879, -0.84082
0.209291, 0.339404, -0.884372
-0.275547, 0.167724, 0.881357
0.0563238, 0.0440352, -0.995966
0.460155, -0.695113, 0.570667
-0.719116, 0.634088, 0.12806
0.2053, -0.543658, -0.818185
0.532019, -0.631063, -0.547058
0.74797, -0.526713, 0.412108
-0.714902, 0.630153, 0.401143
0.951752, 0.431557, 0.104031
0.84686, -0.187247, 0.619329
-0.0962954, 0.578421, -0.805236
-0.0663501, -0.862117, -0.42149
0.945675, 0.271456, 0.159022
-0.907536, 0.264529, -0.371991
0.278444, 0.978796, -0.0367911
-0.297887, 0.947755, 0.12469
0.225489, 0.494173, -0.746928
0.920481, 0.166264, 0.351692
0.753025, -0.644885, 0.138128
-0.969902, 0.00164854, 0.325431
0.0206912, -0.848129, 0.410653
0.356279, 0.867854, 0.350518
-0.662408, 0.554771, -0.513098
-0.0741523, 0.204491, -0.984036
-0.385283, -0.194384, -0.899436
0.579915, -0.244616, 0.761642
-0.455611, 0.0962464, -0.953615
-0.949478, 0.200373, 0.176708
-0.909171, -0.195951, -0.289212
0.361922, 0.658484, 0.671344
0.569667, 0.721912, 0.407337
-0.785856, -0.0288935, 0.5875
0.684983, 0.304093, 0.588518
0.517768, -0.848127, -0.1929
-0.558561, -0.441609, 0.690299
0.042648, 0.986299, -0.0840565
-0.157331, -0.939423, -0.286957
0.85876, -0.174569, -0.444535
-0.951294, -0.270845, 0.0269936
0.289427, -0.957384, -0.354737
-0.44377, -0.777467, 0.48278
0.865526, 0.443627, -0.313433
-0.425577, -0.136746, -0.929433
0.0741293, 0.00545545, 1.0005
-0.740963, -0.309064, -0.638421
-0.599734, 0.545507, -0.630635
-0.75766, 0.466007, -0.463359
0.230837, 0.464913, 0.891632
0.0956797, 0.240962, 1.01006
-0.553057, -0.787323, -0.125528
-0.339014, -0.330727, -0.86379
-0.455004, 0.793903, -0.365235
-0.283696, -0.873167, -0.168344
0.93171, 0.174948, -0.397615
0.166538, 0.239078, 0.950216
0.040916, -0.957309, -0.163906
0.744259, 0.481045, 0.450317
-0.23609, -0.45286, -0.851859
-0.354347, 0.844657, -0.311184
-0.730943, 0.67849, -0.118219
0.431361, -0.00337522, 0.891525
-0.329907, -0.860575, -0.483452
-0.27538, -0.922562, -0.262537
-0.551737, -0.286948, 0.885134
-0.762311, 0.599389, 0.416339
-0.644132, -0.425813, 0.635442
0.766413, 0.314105, 0.634471
-0.360505, -0.835029, 0.342651
-0.784389, -0.653718, -0.162719
0.00736012, 0.906095, -0.417346
-0.416257, -0.752827, 0.460889
0.460361, 0.413952, 0.811151
0.209547, 0.274443, 0.962679
0.986051, 0.124362, -0.0399728
0.5475, 0.397012, 0.67452
0.0565579, 0.628568, 0.745734
0.50754, 0.626563, 0.532904
-0.114002, 0.817852, -0.474711
-0.301257, -0.831247, 0.464067
-0.670915, 0.55407, -0.393144
-0.838696, 0.222549, 0.471172
-0.707618, -0.109916, 0.742273
0.852041, -0.331025, -0.4012
-0.597112, 0.523614, 0.537395
0.32681, -0.5485, -0.725599
0.934517, -0.123409, 0.398048
1.0149, 0.216397, 0.0381868
-0.562777, 0.757984, -0.331917
0.767956, 0.580747, 0.24889
-0.435752, 0.564328, -0.725194
-0.623492, 0.147701, 0.762248
-0.952542, -0.177343, -0.342099
-0.352114, 0.421597, -0.790987
-0.207389, -0.417675, -0.864249
-0.475209, 0.0123608, 0.85045
-0.146166, -0.825143, -0.510751
0.107431, 0.938384, 0.315213
0.178183, -1.01624, 0.143
0.0367271, -0.176975, -1.02888
-0.494955, -0.743716, -0.535931
-0.546387, 0.801571, -0.108292
-0.847271, -0.502196, -0.164374
-0.344678, 0.518973, -0.819227
0.469062, -0.725785, 0.532186
0.85084, -0.437364, -0.180078
0.901311, -0.0894809, -0.443091
-0.802972, -0.538611, 0.311741
0.797989, -0.382332, 0.41614
0.615233, 0.800303, 0.0402305
-0.0660282, 0.760698, -0.656617
-0.414936, -0.0410335, -0.947454
0.902116, 0.439997, 0.174214
-0.60711, 0.0800996, -0.768293
0.197697, -0.257067, -0.9224
-0.266124, -0.954621, -0.239888
-0.0183622, 0.0592745, -0.969823
-0.992188, 0.119073, 0.313072
0.408955, -0.702976, -0.500422
-0.0555573, 0.28346, 0.963318
0.869627, 0.217507, -0.41054
-0.0218854, -0.104905, -0.954231
-0.753791, -0.371866, -0.598257
0.973373, -0.329475, 0.0577354
0.136828, -0.0696047, -1.03901
-0.310956, 0.339707, 0.85124
-0.0493029, -0.0764731, -1.021
-0.497371, 0.65774, 0.489182
-0.081339, -0.587047, 0.805046
-0.0199595, -0.00136867, -0.955632
0.785968, 0.61477, 0.00624873
-0.847147, 0.514614, 0.192261
-0.977434, -0.125886, -0.0441722
-0.0968522, -0.711419, 0.719222
0.643234, 0.226035, -0.655325
0.353625, 0.63605, 0.663602
-0.368643, -0.437129, 0.924746
0.119429, 0.550037, 0.844211
-0.20507, -0.88403, -0.401175
0.835491, 0.394399, -0.37431
0.490681, -0.169373, -0.870482
-0.552092, -0.747877, 0.361755
0.303012, 0.510678, 0.775325
-0.556114, -0.561002, -0.533427
-0.681057, -0.605864, 0.291672
0.86203, -0.354012, -0.330137
-0.950428, -0.0254743, -0.111783
-0.528105, -0.303091, 0.716465
-0.128973, 0.776473, -0.60394
0.726947, 0.00376199, -0.640834
0.185127, -0.831692, -0.641463
0.827396, 0.588894, 0.0111752
-0.559672, 0.130849, 0.825426
0.913253, -0.173712, -0.137998
0.776989, 0.23542, 0.412198
-0.993154, 0.191781, 0.273502
-0.509768, -0.266061, -0.736737
-0.114882, -0.814773, -0.531655
0.133405, -0.39796, 0.916951
0.170652, 0.0266543, -0.95952
-0.20658, -0.0261141, 1.04031
0.354404, -0.209797, -0.896034
-0.0107984, 0.943962, 0.0467644
-0.206427, 0.72441, 0.741419
-0.843171, -0.24628, 0.495575
0.274824, -0.209298, -0.996126
0.47921, 0.871211, -0.0695065
-0.514765, -0.737431, 0.325357
0.231948, -0.413058, -0.785718
0.39841, -0.839656, 0.311063
0.940747, -0.162794, -0.447738
-0.0560159, 0.255937, 1.01404
-0.973238, 0.123911, 0.0747344
-0.536938, 0.812005, -0.239083
-0.474216, 0.348142, -0.782431
-0.937458, 0.024732, -0.465734
-0.917952, 0.48049, -0.0642842
0.568576, 0.335535, 0.766281
-0.453575, 0.836346, 0.170952
0.395274, -0.341928, -0.875723
0.0500894, -0.588349, 0.764216
-0.201111, 0.958377, 0.199809
-0.433576, -0.88629, 0.281737
0.0261131, -0.811806, 0.548816
1.04261, -0.0310892, -0.249846
-0.602224, 0.513269, -0.692473
0.338802, 0.819018, 0.478811
0.130255, -0.819178, 0.568851
0.368369, -0.808038, 0.494363
-0.595194, -0.0494536, 0.797376
-0.647471, 0.557584, 0.518008
0.353237, 0.993356, -0.13593
-0.552403, 0.148665, 0.881061
0.430359, 0.872443, -0.247122
-0.362947, 0.388982, 0.831322
0.918601, 0.00558242, 0.418558
0.894871, 0.176489, -0.408578
-0.405408, 0.108965, 0.959733
0.516428, 0.847518, -0.171132
-0.685807, -0.590286, -0.417771
0.345056, 0.694639, -0.640762
0.785617, -0.644611, -0.254546
-0.503798, 0.308902, 0.853053
0.431335, 0.471515, -0.800642
-0.0572011, -0.878114, 0.466685
-0.489373, 0.0317375, -0.893063
-0.430862, 0.863749, -0.0795219
0.101275, -0.197148, 0.939362
-0.0735674, -0.240942, 0.954827
0.568852, 0.648638, 0.542565
0.796441, 0.336894, -0.496647
-0.394398, 0.863325, 0.244362
0.882677, -0.344387, 0.406715
0.948829, 0.110757, 0.375527
-0.651788, -0.0548074, -0.731086
-0.581383, -0.286654, -0.753673
0.619237, 0.525892, -0.563134
-0.502203, -0.825087, 0.354763
0.885729, 0.330163, -0.256678
0.0380001, 0.0626332, -0.957593
-0.913268, -0.360715, -0.191413
0.252957, 0.377534, 0.900006
-0.797193, -0.384876, 0.466816
-0.823845, 0.512644, -0.217784
0.798151, -0.664674, -0.206582
0.945707, -0.0974315, 0.295008
-0.604917, -0.580296, 0.549719
-0.575253, 0.243677, 0.705274
-0.603498, 0.00491722, -0.761954
-0.16026, 0.583422, -0.858433
0.150669, -0.767407, 0.629407
-0.0614019, 1.0103, -0.166827
-0.707295, 0.586642, -0.252996
-0.00160072, -0.0711834, 0.965968
-0.332769, 0.880241, 0.386508
-0.969464, -0.276781, -0.255075
-0.909494, 0.300435, 0.0101791
0.626302, 0.294455, 0.780644
-0.62294, -0.283758, -0.795891
-0.407088, -0.696725, -0.648675
0.107837, 0.985883, 0.0398607
0.193102, -0.483021, 0.802896
0.191313, 0.961265, -0.0586882
0.252911, -0.419287, -0.971082
-0.965648, -0.119619, -0.0172944
0.548303, 0.617824, 0.610552
-0.630879, 0.158741, 0.844898
0.333302, -0.075419, 0.878715
0.511516, -0.384664, 0.818522
0.0496558, -0.324097, 0.950362
0.483156, 0.544648, -0.654647
0.487953, -0.615037, 0.661577
-0.755641, 0.408236, 0.470985
-0.893499, 0.344044, 0.327509
-0.646456, 0.395382, 0.659245
0.355629, 0.715045, -0.55565
0.422616, -0.701182, -0.594157
0.0722817, 0.206445, 0.949017
-0.932175, -0.376324, 0.127278
-0.652593, 0.245731, 0.784424
0.0508859, 0.886844, 0.485377
0.34681, -0.792846, 0.532311
-0.197599, -0.800255, 0.480313
-0.317773, 0.459625, 0.815749
-0.231241, -0.444214, 0.86337
0.247813, 0.360291, -0.921242
0.226572, -0.15973, -1.01583
0.246394, -0.935293, 0.0100958
0.656025, 0.243623, 0.720924
-0.103422, -0.851467, 0.442357
-0.486719, 0.816687, 0.195909
-0.418977, 0.774252, 0.422273
-0.348361, 0.182089, 0.96041
-0.43571, -0.733842, 0.53112
-0.697235, 0.779586, 0.0930298
-0.471707, 0.169315, 0.852591
-0.015104, 0.976584, 0.0704201
0.412354, -0.871332, -0.300463
-0.0976227, 0.318991, 0.938807
0.0890066, 0.527167, -0.827304
-0.188804, -0.632619, 0.79628
0.9865, 0.196161, -0.258373
-0.215489, -0.926594, -0.228641
-0.251052, -0.916828, 0.155398
-0.844256, -0.17129, 0.531913
-0.872698, 0.158463, 0.381159
0.129286, -1.00443, -0.129005
-0.205561, 0.959459, 0.0574058
-0.567272, -0.808482, 0.016449
-0.46828, 0.242887, 0.805053
-0.697202, -0.5969, -0.416707
0.0470129, -0.750372, -0.546361
-0.811476, 0.135997, 0.612221
-0.557715, 0.145621, -0.832356
0.596581, -0.814073, 0.050735
0.187329, 0.302722, 0.898321
0.46978, -0.257449, -0.853633
-0.502628, -0.635088, 0.484556
-0.330272, 0.566199, -0.759763
0.813139, 0.562377, -0.0443037
-0.327308, -0.443351, -0.83615
-0.386119, -0.0715166, 0.947697
0.146529, 0.794712, 0.633628
0.0159032, -0.0741623, 0.988708
-0.364408, -0.586234, -0.624741
0.582184, 0.720882, 0.421189
-0.234627, 1.00179, 0.0262173
0.927343, 0.0373652, -0.261234
-0.946495, -0.255898, -0.15009
0.148104, 0.720083, -0.63464
0.329059, -0.84693, -0.505549
-0.587272, -0.386661, 0.715582
-0.902039, 0.261359, -0.178624
-0.40396, 0.576474, 0.683235
0.79339, 0.626207, 0.312791
0.22219, 0.667093, -0.705411
-0.803673, 0.0483743, -0.627059
0.444171, 0.775294, 0.424747
-0.289888, -0.175893, 0.940418
0.843646, 0.444944, -0.281664
-0.685096, -0.412388, 0.645321
-0.773169, 0.590097, -0.0557708
-0.0431803, 0.947855, -0.228058
-0.497512, 0.853369, 0.311963
0.053746, -0.849925, 0.437543
0.58841, 0.0568665, 0.754911
-0.541935, -0.800389, -0.305442
0.913712, 0.223823, -0.260792
-0.420367, 0.477399, -0.849451
0.452346, 0.734235, 0.494542
0.126817, -0.930841, 0.347282
0.472511, -0.507038, -0.749737
-0.0533074, 0.99798, -0.111258
-0.782004, -0.0824619, -0.627679
-0.585472, -0.168147, 0.83185
-0.407578, 0.922526, -0.0432907
0.829252, -0.571314, 0.0322073
0.417717, 0.10867, -0.881828
-0.217315, 0.863027, -0.529222
-0.716633, 0.154297, -0.772445
0.704805, -0.108454, 0.71838
-1.02512, 0.194584, 0.164126
-0.211084, 0.657601, -0.681549
0.947815, -0.195118, 0.33909
0.448036, -0.0908953, 0.886237
-0.34241, -0.603709, 0.696215
0.190457, -0.0137166, 0.962657
-0.673601, -0.72641, -0.0654232
0.149082, 0.884622, -0.267483
-0.360947, -0.817931, -0.360219
-0.283217, -0.892111, 0.235419
-0.572243, -0.35656, 0.803349
0.0417517, 0.276718, -1.02364
-0.422741, 0.646761, -0.631385
-0.416817, 0.626954, -0.573972
-0.390719, 0.689513, 0.571367
-0.592787, 0.834218, 0.104904
0.250045, 0.300878, 0.853179
0.704797, 0.637064, -0.199805
-0.3285, 0.469343, 0.829543
-0.532377, 0.495915, 0.779729
-0.88557, -0.506611, -0.028245
0.862254, -0.538479, 0.160828
0.339064, -0.104314, -0.909435
-0.0603532, 0.98122, -0.279763
-0.751816, 0.168928, 0.689495
0.380156, 0.109262, -0.862392
0.450966, 0.304267, 0.844854
0.079306, -0.80453, -0.474804
-0.582368, -0.523298, -0.605746
-0.663229, -0.035155, 0.746669
0.522435, -0.789417, -0.265756
0.882488, -0.12542, -0.379101
0.0488629, 0.106577, -0.950113
0.581566, 0.629527, 0.536887
-0.143585, -0.0349913, -0.979742
-0.357994, -0.63534, 0.670989
0.276528, -0.584361, -0.744431
-0.0888997, 0.678789, -0.703015
0.904525, 0.0760331, -0.285853
-0.072438, -0.962272, -0.430665
0.644377, -0.522057, 0.513548
-0.474696, -0.020144, 0.918878
-0.773536, -0.633422, -0.139599
0.977012, -0.0167037, 0.101829
0.94473, 0.186525, 0.302678
-0.1289, -1.00207, -0.168756
0.869182, -0.115624, 0.518333
-0.825455, 0.669666, 0.247881
0.590097, -0.126162, 0.728452
-0.830474, 0.0855276, -0.564075
-0.0468945, 0.933202, -0.269805
-0.440166, -0.174349, -0.871387
0.553974, -0.0785891, 0.822243
-0.687999, -0.487876, 0.56623
-0.42005, 0.88357, 0.220073
0.182515, -0.970483, 0.0714207
-0.352545, 0.840069, 0.473196
0.757718, 0.620715, -0.169239
0.770425, -0.14439, -0.655119
-0.915129, 0.151606, -0.288555
0.325618, 0.832967, 0.414163
0.990477, -0.0563907, 0.168713
-0.727725, 0.660287, 0.313479
0.922513, -0.230278, -0.40217
-0.941803, 0.0674371, -0.0612221
-0.736928, -0.616415, 0.0730277
0.647478, 0.465911, -0.578874
0.583432, 0.0377085, -0.765973
0.252565, 0.417353, -0.798789
0.960682, 0.120797, 0.235967
-0.406706, -0.844062, 0.413204
0.251318, 0.131863, 0.988627
0.935344, -0.436813, -0.25251
0.347656, 0.505062, -0.801241
0.98823, 0.237026, -0.0356434
-0.30086, -0.416585, -0.887953
0.873674, -0.211983, -0.538734
-0.138386, 0.307121, -0.906121
-0.264944, -0.272922, -0.926665
0.980618, -0.207365, -0.0217694
-0.359065, -0.592566, -0.736899
-0.197777, 0.028395, -0.959355
0.382641, -0.882687, 0.316083
-0.871801, 0.261291, 0.452898
0.662863, 0.459551, 0.502575
0.726762, 0.708075, -0.0675824
0.0782827, -0.972019, -0.0457216
0.756912, -0.56744, -0.31828
-0.629976, -0.668759, 0.299755
-0.918988, -0.0996998, -0.449878
-0.925108, 0.223939, -0.387873
0.0842495, 0.673451, 0.778014
-0.798738, 0.487688, 0.307686
0.187109, 0.926546, -0.284317
-0.774211, -0.642793, 0.0157891
0.51909, -0.854213, -0.0655261
0.61264, -0.115945, -0.761426
-0.165536, 0.27988, -0.911646
0.115126, 0.754698, 0.587699
0.173955, 0.313552, 0.895788
-0.451145, -0.774647, 0.423783
-0.250349, -0.300768, 0.91133
0.639515, -0.0857221, 0.855621
-0.788564, 0.0458121, 0.623306
-0.155557, -0.345324, -0.954068
-0.615815, -0.637938, 0.561448
0.645913, -0.554777, -0.604215
0.557866, 0.80172, -0.363396
1.00497, -0.0730988, -0.245955
0.348542, 0.228277, 0.90697
0.453802, 0.622581, -0.614149
-0.57578, 0.743541, 0.398404
0.518403, -0.829738, -0.240311
0.697253, -0.512342, 0.475514
-0.868187, 0.414786, -0.294955
-0.654674, -0.682884, -0.160958
0.921941, 0.0518155, 0.315888
-0.663193, 0.652921, -0.37577
-0.536536, 0.862348, -0.0836412
0.0677566, -0.282216, -0.912441
0.0426408, -0.756451, -0.677469
-0.569254, -0.461033, 0.748732
0.431199, 0.897925, -0.216562
-0.0145989, 0.196036, 0.971557
0.515261, -0.4408, -0.74732
-0.399946, -0.715146, -0.497838
0.931105, -0.196457, 0.1449
0.0216412, 0.198595, -0.953
-0.541058, 0.724066, 0.270536
-0.116053, 0.0696021, -1.03312
0.767959, -0.637525, 0.125956
0.522749, -0.296036, 0.789123
0.948985, 0.391973, -0.159217
-0.358716, -0.868929, -0.32954
0.508605, -0.78456, 0.218529
-0.59422, -0.615287, 0.528862
0.0188701, 0.073026, -0.993555
0.812979, -0.638466, 0.0221474
0.0617984, 0.496984, -0.821809
0.0606052, 0.125162, -0.958974
0.480172, 0.260816, -0.806867
0.644396, 0.451905, -0.569047
0.117074, 0.867552, -0.480131
0.54517, -0.777894, 0.356023
0.155448, -0.950339, 0.239264
0.404053, -0.242678, 0.898474
0.716439, 0.147816, -0.710346
1.01676, 0.159505, 0.194501
-0.766309, 0.552606, 0.300655
-0.859774, -0.485436, 0.308537
-0.37713, 0.864193, -0.305324
-0.796466, 0.457933, -0.274669
0.377765, -0.635664, 0.655427
0.182869, -0.96926, 0.0112797
-0.15521, -0.195407, 0.95667
0.40772, -0.543674, 0.802827
-0.451311, 0.934334, -0.0851563
-0.396022, -0.537308, 0.802157
0.626647, -0.754092, -0.317716
-0.319098, -0.437517, 0.845913
-1.00927, 0.0841633, 0.103954
0.888686, 0.0370396, 0.383227
0.369859, -0.32481, -0.868047
0.389112, 0.790148, 0.47207
0.514751, -0.122931, 0.872434
0.742457, -0.125242, 0.712429
0.296456, 0.977617, -0.206995
0.599248, 0.369572, -0.698122
-0.138953, -0.181893, 0.953
-0.176552, -0.931668, 0.307041
-0.919809, 0.361985, -0.202001
-0.0169981, -0.749773, -0.687268
-0.584682, -0.622323, -0.515527
0.319665, 0.0667118, 0.948456
-0.245768, -0.815776, 0.50198
0.719145, -0.556497, -0.423635
-0.564546, -0.651199, -0.511257
-0.184296, -0.53627, 0.800227
-0.546431, 0.179187, -0.839147
-0.0292108, 0.975137, -0.165435
-0.890346, -0.42937, 0.152942
-0.389548, -0.0891586, 0.979568
-0.771045, -0.426689, -0.478166
-0.8673, -0.289393, 0.283084
-0.620264, -0.152543, -0.786345
-0.258225, 0.066696, 0.985527
-0.642775, -0.579024, 0.431392
-0.314546, 0.883996, 0.0681224
-0.158278, -0.960042, -0.200273
0.358731, -0.00589403, 0.937722
-0.901009, -0.393256, -0.0116968
0.808827, 0.485817, 0.329354
0.54365, -0.272266, 0.793655
-0.398839, -0.52785, -0.716335
0.380276, -0.382345, 0.860628
-0.855333, 0.551704, -0.225717
0.845719, -0.500988, 0.0731675
-0.535524, 0.753375, 0.338067
-0.128498, 0.570822, 0.757055
-0.644924, -0.365639, -0.668618
0.89309, 0.300661, 0.0797628
-0.104467, 0.600654, 0.754709
0.379647, -0.931653, -0.182724
0.898064, 0.253519, -0.375993
-0.140885, -0.988863, -0.0879716
-0.205203, 0.980397, 0.211969
0.714604, -0.661621, -0.395582
0.237776, -1.00933, 0.217058
0.573949, 0.749052, 0.28098
0.258545, 0.542792, -0.798862
-0.591695, 0.271758, 0.781857
0.537767, 0.487653, 0.629339
0.0429904, 0.351761, -0.891927
-0.497747, -0.756445, -0.340145
0.534518, 0.718855, -0.347392
0.809929, 0.353816, -0.521528
-0.697322, -0.674007, 0.21711
0.74284, -0.0915374, 0.717745
0.954378, 0.106107, 0.247583
0.244568, -0.95174, 0.162312
0.699036, 0.0856707, 0.709529
0.394196, 0.714972, 0.654786
-0.711152, 0.378494, 0.55421
0.661504, 0.16449, -0.774154
-0.446982, -0.928922, 0.0668092
0.481493, 0.735863, 0.543888
-0.0827683, 0.868393, -0.488571
1.02498, -0.281915, -0.0898602
-0.116629, -0.933877, -0.335637
-0.184639, -0.944402, -0.230566
-0.441589, -0.874927, -0.16658
0.742989, 0.269468, 0.620968
0.469425, -0.847218, -0.459382
0.461823, 0.249628, -0.82367
-0.0594366, -0.22632, 0.899896
1.06356, -0.0219575, -0.134167
-0.0565697, 0.418417, -0.898409
0.328515, -0.305901, 0.879277
0.342249, -0.818678, 0.45845
0.681025, 0.408593, -0.571248
0.299095, -0.513293, 0.830944
-0.558139, -0.749916, 0.375175
-0.701476, 0.152025, -0.701041
-0.544645, 0.761071, 0.514027
-0.679823, -0.724713, -0.389698
0.0672749, 0.273927, -0.964783
0.941105, -0.225874, -0.253874
0.217936, 0.936612, 0.175193
-0.779197, -0.133338, 0.634552
-0.174962, 0.556145, -0.854647
0.424103, 0.11098, 0.818689
0.846509, -0.508588, -0.102786
0.660787, -0.275849, 0.767887
0.844423, -0.369426, -0.375811
-0.252675, 0.442721, -0.854554
0.953007, 0.22504, -0.122293
-0.150107, -0.488598, 0.934272
0.192039, -0.36317, 0.941549
0.00637131, 0.8402, -0.520043
-1.04168, -0.0115789, 0.0443571
0.270911, -0.751506, -0.603693
-0.397122, -0.899411, 0.165728
-0.311136, 0.221872, -0.889917
0.925002, -0.345214, 0.0843164
-0.471794, -0.281911, -0.804097
-0.727619, -0.263896, -0.659934
-0.919769, -0.226827, 0.222102
-0.101811, 0.962473, -0.24291
-0.548738, 0.216679, 0.762179
-0.38313, -0.0986092, 0.880435
-0.320334, -0.0752453, -0.926407
0.0642095, 0.616496, 0.805455
-0.819957, -0.362232, -0.301715
0.936056, -0.326117, 0.277355
-0.893079, -0.265523, 0.295391
0.0836344, 0.918553, 0.393319
-0.641885, 0.634726, -0.434299
0.0137057, -0.497787, -0.901659
-0.340668, -0.909361, 0.132406
0.958463, 0.130904, -0.27794
-0.525042, -0.812812, -0.258141
-0.603157, -0.677021, -0.476336
-0.0767754, -1.0093, -0.247542
0.538125, 0.561093, 0.567867
0.915911, 0.167109, 0.335436
-0.780553, 0.486103, 0.273148
-0.909005, -0.346834, -0.135255
-0.57143, -0.804058, 0.192624
-0.415604, 0.599404, -0.709504
-0.468806, -0.274658, -0.854706
0.868984, 0.582151, 0.0879228
0.58253, 0.159349, 0.760256
0.497088, 0.816457, 0.188898
0.706433, 0.552208, -0.457049
-0.846581, -0.421956, 0.280679
0.320399, -0.857839, 0.488083
0.634056, -0.358987, 0.672521
0.309067, -0.4135, -0.762846
-0.180102, -0.514087, -0.896135
0.338388, -0.889037, -0.289601
0.926921, 0.32389, -0.119265
0.332536, 0.994627, 0.00802284
0.263625, 0.180341, 0.967379
-0.43105, 0.882369, 0.0686049
-1.00318, 0.0410363, -0.256966
-0.117811, 0.0137074, 1.011
-0.80342, -0.185322, -0.551069
-0.950905, 0.130282, -0.0380651
-0.628927, 0.439427, 0.568815
0.167894, 0.196454, 0.966572
0.856483, -0.257372, 0.283294
0.365376, -0.822149, 0.35955
0.776015, 0.153227, -0.505767
0.86563, -0.305809, 0.458064
0.900666, -0.0285958, 0.372263
0.851857, -0.535408, -0.23451
-0.219668, 0.851543, 0.474423
-0.317338, 0.140387, -0.920748
0.386731, 0.307754, -0.860951
0.886018, 0.30088, -0.485711
0.847616, -0.116481, 0.551743
-0.0891371, 0.12943, 1.01345
-0.59458, -0.25952, 0.735387
0.773301, -0.0480068, -0.694302
0.78581, 0.191217, -0.64027
-0.662062, 0.601415, 0.503573
0.396106, -0.707039, 0.574994
-0.876234, -0.515648, 0.118029
0.206341, 0.354242, -0.920293
0.627624, -0.652298, -0.342737
0.704779, 0.123917, -0.718658
0.452841, 0.535756, -0.749311
0.809072, -0.30109, -0.569599
-0.561894, 0.511187, -0.607468
0.502399, -0.809837, -0.206815
-0.380804, 0.8955, -0.174108
-0.866551, -0.486252, 0.308533
-0.207225, 0.861269, -0.424178
-0.543169, 0.223059, -0.769196
-0.425929, 0.333083, 0.828584
0.311459, 0.864766, -0.327548
0.0373102, -0.0369355, 0.966841
0.69892, 0.690532, -0.316056
-0.301337, -0.761601, -0.615407
-0.104737, -0.766852, -0.592108
0.490226, -0.319144, 0.835639
0.000445714, -0.664379, 0.796355
0.765204, 0.599108, 0.210974
0.870919, 0.474254, 0.164318
-0.932106, 0.117512, -0.323459
-0.112305, 0.0853047, -1.01605
-0.350906, -0.608054, 0.734923
-0.0543795, -0.650251, -0.759236
-0.565022, 0.158383, -0.82573
-0.489646, -0.649328, -0.507773
-0.562235, 0.7851, -0.0208613
-0.297177, 0.859514, -0.411666
-0.229411, 0.630226, -0.726109
0.959753, 0.0167473, -0.119305
0.613209, 0.718698, 0.309073
0.00253864, -0.61279, 0.788812
0.868098, 0.541578, -0.129111
0.21447, -0.278941, 0.961439
-0.63043, 0.0748128, 0.738606
-0.148299, -0.842014, -0.552147
-0.86991, 0.446892, 0.125309
-0.787486, -0.198407, -0.449996
-0.867408, -0.196927, 0.493595
0.587444, -0.65374, 0.390517
-0.240922, 0.102039, -0.989952
0.141535, 0.760542, 0.545972
0.787705, 0.321434, -0.43199
-0.961646, -0.168056, 0.122386
0.639927, -0.49886, -0.634432
0.201353, 0.791596, -0.595985
0.108777, 0.965554, -0.324943
-0.392217, -0.702259, 0.673883
-0.195026, -0.667399, 0.742292
-0.770434, -0.61423, -0.0460346
-0.706026, -0.232639, -0.699475
-0.979856, -0.196013, -0.267449
-0.458367, 0.861049, 0.169064
0.179149, 0.97672, -0.298239
-0.3768, 0.732488, 0.546929
0.436055, 0.175397, -0.892821
-0.670859, -0.301414, 0.634598
0.641919, 0.508735, -0.51453
-0.0408699, 0.781493, 0.644687
0.203753, 0.859819, -0.529407
-0.0922721, 0.984037, -0.206317
-0.988243, 0.0824852, 0.0439238
0.248857, -0.729966, 0.60023
-0.0333343, -0.319322, 0.949012
-0.95426, 0.0371788, -0.246433
0.945541, -0.227063, 0.292227
-0.49451, 0.822815, 0.171312
-0.327175, -0.528629, -0.693979
-0.507439, -0.42178, 0.809319
-0.223467, 0.934601, -0.34042
0.736107, 0.657578, -0.160045
-0.25906, 0.251891, 0.922274
0.684497, -0.0274423, -0.760947
-0.426484, -0.708076, 0.567948
-0.163808, 0.910856, 0.150419
0.14231, -0.372659, 0.927421
0.371403, -0.792371, -0.6273
-0.953241, -0.362934, -0.0121479
0.107575, -0.535258, 0.832318
0.774277, -0.23346, 0.676055
0.627025, -0.733272, -0.32786
-0.738976, 0.68423, -0.16238
-0.540432, 0.226793, 0.858116
0.663884, 0.634528, -0.467579
0.693947, -0.400058, -0.566489
-0.788028, -0.45333, 0.34045
0.0907979, -0.527107, 0.843367
0.138016, 0.413875, 0.918033
-0.957672, -0.171351, 0.304094
0.777136, -0.228757, 0.545998
-0.453645, 0.874263, -0.0129981
0.916515, -0.310818, 0.324151
-0.852694, 0.385066, -0.44036
0.320177, -0.852534, -0.416395
0.735921, -0.701044, 0.0614758
-0.810408, 0.387295, -0.412986
-0.635845, -0.320107, 0.678277
0.48286, -0.882194, -0.0707555
0.558575, -0.5836, 0.740235
-0.0373398, -0.677205, -0.699284
0.544502, -0.104643, 0.841971
0.174952, -0.867393, 0.504505
-0.979503, 0.282536, 0.167504
-0.993508, -0.0106236, -0.0626018
-0.531274, 0.308988, -0.823191
0.944148, 0.13515, -0.378126
0.855645, 0.484768, 0.185113
-0.831245, -0.566256, 0.00541329
-0.0835792, -0.995965, -0.0639962
-0.471671, -0.100281, 0.872461
-0.465028, 0.25226, -0.857145
0.583178, -0.855781, 0.143523
0.0707904, -1.05586, 0.177761
-0.404047, -0.505221, -0.7614
0.334296, 0.954618, 0.0592889
-0.468141, -0.451743, 0.778292
-0.00726002, 0.53309, -0.876542
0.981833, 0.0238551, -0.219651
0.362717, -0.515446, -0.695163
0.911296, -0.395008, 0.0582948
0.691267, -0.707159, 0.105363
0.686479, -0.689377, -0.135685
0.700307, 0.229445, 0.669694
-0.0350811, 0.207782, -0.985721
0.946932, -0.0111274, -0.408025
-1.0107, -0.120524, 0.00386835
-0.0911177, 0.791412, -0.609806
-0.945588, -0.350087, 0.00136668
0.504677, -0.521036, 0.648477
-0.416278, -0.735386, -0.577971
0.0346432, 0.666634, 0.750279
-0.950537, -0.409651, 0.0135708
0.213915, -0.936197, 0.454978
-0.424862, 0.702547, 0.664676
0.394179, 0.428522, 0.863917
0.798691, 0.597311, -0.0279027
-0.948641, -0.219739, -0.408849
-0.679262, -0.377324, 0.606049
0.350185, 0.782301, 0.505338
0.0652049, -0.176412, -1.01388
-0.650828, 0.167809, 0.777722
-0.21785, -0.117341, -0.961061
0.871601, 0.189953, -0.552814
-0.35145, -0.895245, 0.312831
-0.833176, -0.60165, 0.0435058
-0.971511, 0.0682079, -0.140833
0.434322, 0.605246, 0.672295
-0.978661, 0.121354, -0.273952
0.22425, -0.0769611, -0.952973
0.285033, -0.889474, -0.43828
-0.670774, 0.729066, 0.330769
0.848808, 0.593916, -0.0983275
0.217716, 0.876082, 0.417003
0.265317, -0.959367, -0.261121
0.88591, 0.108578, 0.453809
-0.227063, -0.420959, -0.892176
-0.453119, -0.828851, 0.173543
0.742826, 0.543326, -0.495044
-0.967422, 0.0197146, 0.188092
-0.258013, -0.210719, -0.940173
-1.0029, 0.107336, -0.0359219
-0.895663, 0.399437, -0.397199
0.413237, -0.829829, -0.4345
0.552668, 0.544016, 0.644926
-0.226608, 0.273332, -0.96631
0.581154, -0.806857, -0.164717
0.586591, -0.469624, -0.647249
0.44208, 0.855536, 0.0572253
-0.47909, 0.224396, -0.84647
-0.764553, -0.681024, 0.135289
-0.758103, -0.64635, 0.124863
-0.74113, -0.587591, -0.197462
-0.0504226, -0.706111, -0.711518
-0.26481, -0.96782, 0.145086
0.335256, -0.718555, 0.619484
-0.0605429, -0.716979, 0.707916
0.341979, -0.925968, -0.166108
-0.627359, -0.127133, 0.76815
0.577411, -0.764637, -0.199972
0.556409, -0.523345, 0.613281
-0.158468, -0.900147, -0.447207
-0.0789865, -0.791806, 0.519427
-0.985845, 0.0891995, -0.0979415
0.19194, 0.758293, 0.663735
0.729798, 0.267552, -0.643416
-0.729873, 0.429327, -0.591774
0.969399, 0.0193912, 0.127309
0.828002, 0.435704, 0.329582
0.767946, -0.525412, 0.479912
-0.360041, 0.771471, -0.52265
0.398573, 0.54689, 0.782622
-0.26406, -0.931679, 0.375827
-0.0751327, -0.824512, 0.503209
-0.37471, -0.828403, 0.357046
-0.797816, -0.026066, -0.588095
0.608248, -0.734934, 0.296617
0.836865, -0.494972, -0.151498
-0.270696, 0.887235, 0.363486
-0.821537, -0.514092, 0.0326425
-0.648561, -0.846453, -0.164019
-0.386937, -0.53096, -0.710395
0.456639, -0.402303, 0.798696
-0.967593, 0.299484, 0.112375
-0.981656, -0.0643306, 0.226647
0.0445885, -0.877973, 0.521816
0.162838, -0.830453, 0.613953
0.192973, 0.854597, 0.486819
-0.936805, -0.298987, 0.0271292
-0.0561099, 0.760696, 0.65426
0.527158, -0.84228, -0.0982094
-0.618418, -0.606269, 0.575736
0.113605, -0.0161964, -0.957519
-0.619388, 0.350295, -0.750868
0.139216, 0.476257, 0.817077
0.624557, -0.205222, -0.767294
0.290451, -0.641987, -0.680052
-0.648711, 0.56667, 0.535279
-0.45457, -0.439688, -0.813309
-0.642667, -0.0367631, 0.811497
-0.0702245, -0.753131, 0.751574
0.659401, 0.726595, 0.123235
-0.814682, -0.433213, 0.249102
0.515179, 0.191498, 0.829209
0.0123778, 0.679726, 0.671622
-0.717063, 0.17708, -0.684981
-0.756014, 0.528932, 0.367828
-0.768884, 0.408483, -0.436449
-0.0701611, -0.435384, -0.941819
-0.869038, 0.321107, 0.44182
0.700487, -0.727696, -0.260854
-0.953328, -0.322931, 0.22172
0.106294, 0.0363267, -0.95614
-0.252325, 0.985736, 0.00912232
-0.555375, -0.656424, -0.591775
-0.573826, 0.114215, 0.733259
0.591221, 0.0132678, 0.746837
-0.418996, 0.123772, -0.944886
0.801046, -0.112836, -0.598863
-0.574145, 0.624352, -0.467878
-0.525475, 0.766494, 0.401988
-0.752109, -0.28598, 0.589891
0.208742, -0.695893, 0.693816
-0.199456, 1.00989, 0.119678
0.455286, -0.586784, 0.674457
-0.0206536, 0.722308, 0.727595
-0.920393, -0.0965819, -0.335541
0.713858, -0.700046, 0.129699
0.106801, -0.155249, -0.947422
-0.815973, 0.451822, 0.387693
-0.852896, 0.380278, 0.394552
-0.914174, 0.147684, -0.363888
0.190058, -0.636369, -0.78211
-0.714649, 0.326664, 0.596309
0.02561, 0.796223, 0.536478
-0.354927, -0.254659, 0.860757
0.00168244, -1.0282, 0.0722687
0.819612, -0.471717, -0.332406
-0.9708, -0.232492, -0.102092
0.203862, 0.167739, 0.967093
0.600709, -0.359116, 0.690109
-1.02594, 0.0540791, -0.186243
-0.561822, 0.718579, 0.340544
-0.017517, 0.236988, -0.957154
0.350765, 0.838, 0.294051
0.020192, 0.946042, -0.184355
-0.716068, 0.312336, -0.60172
0.703905, 0.456446, 0.522743
-0.0868504, 1.00812, 0.135872
-0.394418, 0.869233, 0.0314995
-0.561835, -0.282014, -0.84985
-0.307604, 0.293414, -0.945978
0.624509, -0.141798, 0.817485
-0.66545, 0.0748945, 0.698313
-0.617284, -0.602625, 0.469651
-0.804506, -0.197548, -0.391533
0.809189, 0.0278281, -0.537586
0.0868084, -0.814334, -0.624097
0.170168, 0.0566523, -0.990229
-0.602096, 0.740103, -0.358502
-0.329096, -0.827302, 0.431011
-0.101103, -0.895407, -0.431938
0.529036, 0.803277, -0.188469
0.297282, -0.930871, 0.215921
-0.90092, 0.564925, -0.0311444
0.750502, -0.319096, -0.653567
0.538756, 0.631678, 0.570647
-0.398516, -0.772956, -0.589957
-0.410847, -0.849681, 0.374339
0.469306, 0.810857, -0.355139
-0.988832, -0.278006, 0.126054
-0.072629, 0.799413, 0.613564
-0.315746, -0.421585, 0.832224
1.01192, -0.0461308, 0.249588
0.00350466, -0.727781, -0.652407
0.58056, 0.700682, 0.343426
0.860493, 0.444264, -0.26938
-0.451785, -0.326794, -0.808379
-0.791176, 0.666109, -0.0689698
0.136376, 0.838536, -0.52661
0.00217122, 0.487749, -0.830084
-0.142347, -0.5108, -0.888322
-0.303069, 0.756987, -0.652521
-0.850786, -0.486139, 0.28691
0.77916, -0.522968, -0.0940061
-0.139649, 0.285044, -0.954494
-0.557132, 0.430291, 0.751066
-0.587056, -0.358375, -0.738992
-0.637844, -0.751975, 0.184038
0.499684, 0.0892941, -0.858039
0.345098, 0.698062, -0.609561
-0.112204, -0.735681, -0.59088
-0.87972, -0.269833, -0.0366015
-0.88507, -0.323384, -0.257798
-0.0406069, -0.653127, -0.771486
1.00936, 0.281573, -0.136995
-0.470364, 0.574643, -0.660311
-0.477971, -0.826818, -0.36738
0.31545, -0.0269185, 0.97789
-0.621694, 0.652956, 0.437537
-0.95201, -0.00952222, -0.263143
0.905424, -0.0624768, 0.31007
0.934607, 0.330552, 0.244826
0.530718, -0.619126, 0.490953
0.834969, -0.500056, -0.104546
0.359487, 0.595439, 0.703332
-0.162193, 0.145372, 0.951209
-0.790694, -0.0028988, 0.492071
-0.320088, 0.273519, 0.910576
0.471324, 0.0996136, 0.908339
0.751529, 0.142281, 0.714159
0.166639, 0.952997, 0.234975
-0.933074, 0.153448, 0.371812
-0.526729, -0.0891583, -0.836675
0.140177, -0.294787, 0.946157
-0.0750871, 0.671329, -0.670882
0.530241, 0.877431, 0.042611
-0.184689, 0.817309, 0.499314
0.693681, 0.742163, 0.152571
-0.0343242, -0.903339, -0.348805
-0.687557, 0.70242, -0.12402
-0.343868, -0.69879, -0.493858
-0.260781, -0.864533, -0.411795
0.954373, -0.12266, -0.112315
-0.908736, -0.0929766, -0.429763
0.178056, 0.851355, 0.439652
0.155924, 0.685868, 0.726863
-0.195247, 0.793379, -0.538325
1.02195, -0.246763, -0.271538
-0.293567, 0.806911, -0.456516
0.860027, -0.295283, -0.34672
-0.827545, -0.486357, 0.170285
-0.42012, 0.940585, 0.136439
-0.100289, -0.558743, 0.850645
-0.0992706, -0.743995, -0.64007
0.372113, 0.328577, 0.829704
0.233046, 0.267433, -0.941551
-0.263907, 0.411559, -0.919427
0.723395, 0.406511, 0.563493
-0.159009, 0.233228, -1.0001
0.6587, -0.283253, -0.697841
0.45457, -0.822217, -0.231147
-0.854927, -0.424155, -0.290685
-0.766856, -0.46334, -0.197447
0.908542, 0.206894, -0.0151246
-0.31003, 0.0215509, -0.919498
0.667283, 0.752153, -0.0201111
0.948623, 0.224755, -0.127811
0.221083, -0.948779, -0.185613
0.320809, -0.253876, -0.921315
0.909949, 0.0187008, -0.434855
0.231344, -0.981342, 0.0181546
-0.693371, -0.0203741, 0.680027
-0.707835, -0.0756248, 0.698491
-0.394491, 0.494072, 0.793713
-0.0855712, 0.485081, -0.882028
0.463137, 0.666591, 0.59934
0.667872, 0.283263, -0.610364
0.110334, 0.324056, -0.938691
-0.889097, -0.385252, -0.189671
0.000137885, 0.973881, 0.282919
-0.947898, -0.00937644, -0.0493094
-0.153506, -0.994871, 0.295131
-0.665057, -0.347917, -0.633482
-0.627802, 0.658, 0.451129
-0.304824, -0.608005, -0.701198
0.31966, 0.79985, -0.54346
-0.0971137, 0.664136, -0.629127
-0.545723, 0.572716, 0.681691
0.204378, 0.573198, -0.811721
0.363077, -0.790164, 0.514673
0.609937, 0.514044, -0.652026
-0.0789601, 0.839871, -0.448339
0.920278, -0.466609, -0.142893
-0.873831, -0.351116, -0.283786
-0.285583, 0.827639, 0.519039
0.421029, 0.325753, -0.874394
0.555268, 0.717901, -0.0703286
-0.806512, 0.230245, 0.611688
-0.183767, -0.889711, 0.373583
-0.195192, -0.674389, -0.677707
-0.908445, -0.454509, 0.0144995
0.738505, 0.400739, -0.516215
0.782476, 0.455447, -0.27283
-0.27257, -0.978604, 0.217175
0.243069, -0.0286485, -0.983799
-0.574885, 0.188335, 0.806862
0.557199, 0.0727512, -0.76834
-0.720671, -0.697557, 0.188426
0.755724, 0.699579, -0.0761403
0.643205, 0.72132, -0.297036
-0.275078, -0.447937, -0.855902
0.921279, 0.242512, 0.0376526
-0.572382, -0.676439, -0.374941
-0.783757, 0.451147, 0.340124
-0.591344, 0.835111, -0.135037
0.428657, 0.398313, -0.837591
-0.315045, 0.6076, -0.728674
0.265162, -0.356769, 0.918797
0.0697704, -0.415926, -0.927224
0.503617, 0.138163, 0.883334
0.048606, -0.398559, -0.916563
-0.135632, -0.989176, -0.0309069
0.063102, 0.515263, -0.85935
-0.939965, 0.212332, -0.0465961
0.911553, -0.0940194, -0.386375
-0.616771, 0.268644, 0.726512
-0.161479, -0.5534, -0.809042
0.0654989, -0.775808, -0.523656
0.474754, 0.0998349, 0.835346
-0.223693, -0.165426, -0.937161
0.682783, 0.170377, 0.771577
-0.15032, -0.291446, -0.950837
-0.144086, 0.107499, 0.980298
-0.62865, -0.480793, 0.711988
-0.817973, -0.542995, -0.369555
-0.954061, -0.306533, 0.130167
-0.548685, 0.356981, 0.759878
0.327539, 0.584501, -0.73197
0.442305, -0.872368, 0.122543
0.882464, -0.472727, -0.284844
0.713372, 0.563309, 0.242805
-0.474821, 0.738025, 0.421231
0.280471, -0.0732885, -0.965104
0.126093, -0.224715, -0.980874
0.600359, 0.841383, -0.117917
0.157302, 0.65772, -0.735569
0.699113, -0.224942, -0.678063
-0.414597, -0.35258, -0.800313
-0.49648, 0.609478, 0.60793
0.449608, -0.666043, -0.651532
-0.384209, -0.757844, -0.486066
-0.0871354, 0.917317, -0.487092
-0.772774, -0.653724, 0.0573566
0.112354, 0.664795, 0.684149
0.926155, 0.133191, -0.41017
-0.524338, 0.670289, 0.583051
-0.109495, 0.832434, -0.587767
-0.819796, 0.350543, -0.404336
-0.607797, 0.704751, -0.398026
-0.647259, -0.783387, -0.14854
0.56097, -0.831447, -0.0735227
0.911254, 0.189463, 0.326585
0.202503, 0.00949573, 1.00616
-0.436446, 0.494107, -0.767052
0.161528, 0.738121, -0.716295
-0.858264, 0.418314, 0.156702
0.911881, -0.43478, 0.0902499
0.636986, 0.624449, -0.356803
0.773943, -0.573915, 0.320186
0.402029, 0.114707, -0.952348
-0.33518, -0.988699, -0.0411056
-0.245449, 0.259377, 0.945771
0.546399, 0.838261, 0.17956
-0.347118, -0.230478, 0.985644
0.621165, 0.276949, 0.801325
-0.415614, 0.801501, -0.332621
-0.803079, 0.166104, 0.631263
0.523383, -0.775888, 0.39265
-0.913495, -0.100135, -0.421654
-0.902518, 0.200518, 0.311412
-0.777739, -0.369523, -0.432469
0.853887, 0.449569, -0.130253
-0.940529, 0.105271, 0.367134
-0.0997701, -0.854539, 0.499894
0.454554, -0.654614, 0.585919
0.548343, -0.58706, 0.655498
-0.399695, 0.456656, 0.767134
0.673681, 0.7657, 0.217581
0.402704, 0.166623, 0.911315
-0.294136, -0.925259, -0.202251
0.0596377, -0.0717446, 0.991845
0.607777, -0.0219937, -0.773779
0.782127, 0.528837, 0.36667
0.459218, -0.426679, -0.741721
0.615337, 0.759332, -0.211935
0.482561, 0.85824, -0.172851
0.0461054, -0.705701, -0.747777
-0.0691912, 0.922191, -0.107048
-0.319441, 0.89445, -0.394093
0.380698, -0.921613, -0.125681
0.0938186, 0.220742, 0.973861
0.39457, 0.547451, -0.679472
-0.675128, 0.167644, 0.717943
0.738039, -0.213195, 0.606611
-0.937843, 0.264802, -0.0384192
0.294918, 0.822538, 0.475345
-0.0182185, 0.924325, 0.416086
-0.448967, 0.765428, -0.582772
0.223047, -0.920808, -0.367594
-0.219798, 0.400699, 0.922692
0.883365, 0.376031, -0.191455
-0.56593, 0.60799, 0.572786
0.502655, 0.354445, 0.796981
-0.763188, -0.471452, 0.512799
-0.571497, -0.287125, 0.74399
0.340342, 0.936036, 0.0130005
-0.628662, -0.749335, -0.381104
-0.40803, 0.200831, 0.877867
-0.739782, -0.343793, -0.501332
0.77147, -0.239915, 0.565151
-0.572237, -0.668658, 0.402474
0.351048, -0.120442, 0.95535
-0.712251, -0.00506213, -0.666226
0.220961, 0.947443, 0.200693
0.725029, 0.691086, 0.00702794
-0.27493, -0.905642, -0.0897176
0.359365, 0.704494, -0.664549
0.834435, -0.376065, 0.390995
0.600298, 0.251856, -0.701337
-0.887306, -0.160692, -0.458378
-0.887138, -0.504371, -0.0397692
-0.873538, -0.0391909, 0.490571
-0.615852, 0.13138, -0.7542
0.283492, 0.921307, 0.118515
-0.562284, -0.215491, -0.802567
-0.230127, 0.0515637, -0.956752
-0.305365, 0.650579, -0.735763
-0.385131, 0.829327, 0.332539
-0.595889, -0.531196, 0.565886
-0.679401, -0.65954, -0.309108
0.313267, 0.311541, 0.876525
-0.218044, 0.00662029, 0.958961
-0.130297, -0.00948693, -0.982812
-0.539236, -0.506477, 0.634312
-1.0249, 0.151829, -0.0814962
-0.523215, -0.0116805, -0.818656
-0.663941, 0.554477, 0.495509
-0.812995, 0.530614, -0.190297
-0.31127, -0.945505, -0.106664
-0.586214, 0.707992, -0.329276
0.838232, -0.307974, -0.478499
-0.813527, -0.433963, -0.278983
0.504186, -0.318498, -0.756155
0.894582, 0.479037, -0.204363
0.356334, 0.0567161, -0.915694
-0.252355, 0.978662, -0.188731
-0.759002, 0.536535, 0.319502
-0.960403, 0.0625896, -0.43116
-0.824418, -0.330151, -0.397577
-0.294325, 0.686284, -0.675042
0.102002, -0.508865, 0.826724
0.667972, -0.576922, 0.573757
-0.430683, 0.923309, 0.111657
-0.0669254, 0.828615, 0.471216
0.344681, -0.898305, -0.102376
-0.892352, 0.236915, 0.447254
-0.290466, 0.734978, 0.608848
-0.79281, 0.522861, -0.246479
0.95947, 0.355666, -0.0725257
-0.234165, -0.484823, 0.80938
-0.302597, -0.213075, -0.892497
0.0760445, -0.793373, 0.606516
1.00081, -0.143057, -0.0310845
0.194217, 0.915963, -0.278334
-0.786605, 0.563726, -0.365521
-0.59863, 0.817744, 0.304976
0.670224, -0.394286, -0.589956
0.710318, 0.632346, -0.298944
-0.420099, -0.956348, 0.180175
-0.575355, -0.525214, -0.659528
0.268932, 0.229511, 0.916628
-0.695215, -0.780948, -0.0843798
-0.379064, -0.799516, -0.493606
0.966884, -0.200465, -0.118958
-0.526446, -0.46268, 0.675015
-0.486561, 0.548699, -0.733122
-1.02629, 0.0683811, 0.255269
0.360095, -0.880538, 0.14769
-0.645535, -0.265894, 0.682019
-0.53266, 0.605575, 0.632153
0.326027, -0.319296, -0.816262
0.959328, -0.308608, -0.191072
0.775073, 0.00376669, 0.695928
0.86314, 0.196298, 0.509536
0.380277, -0.915927, 0.125846
0.459958, -0.097388, 0.837367
-0.359836, 0.903667, -0.251957
0.461523, 0.634332, 0.614647
-0.271397, -0.162837, 0.912503
-0.0236624, 0.142212, 1.01151
-0.709146, 0.671769, 0.185693
-0.539427, 0.846868, 0.131728
0.181344, 0.915208, 0.325653
-0.793017, 0.530069, 0.410536
0.794038, 0.0533329, 0.637963
0.591759, 0.228174, 0.797504
-0.350135, 0.229467, 0.906318
0.521833, 0.503324, -0.653994
0.964845, 0.307491, -0.279684
-0.959272, -0.225878, 0.0522393
-0.704861, 0.645512, 0.0613578
0.343599, 0.61188, -0.684159
0.767645, 0.604463, 0.256172
-0.272182, -0.626039, -0.765953
-0.017065, 0.968936, -0.402634
-0.400513, 0.595635, 0.75612
0.673181, 0.65209, -0.289983
0.304889, -0.852999, -0.349275
-0.361956, 0.459826, 0.855829
-0.0965613, 0.117186, 0.979988
-0.176742, -0.301241, 0.923668
-0.155277, 0.95823, 0.17664
0.78705, -0.628866, 0.0629579
0.989892, -0.0463909, -0.287709
-0.197186, 0.909616, 0.146889
0.314546, -0.120912, 0.965072
-0.430173, 0.706566, 0.542704
-0.161818, 0.174886, 0.987866
-0.0539492, 0.977933, 0.186828
0.345436, -0.185882, -0.905683
-0.394744, 0.470729, -0.768944
0.695432, 0.472177, -0.548577
-0.952876, 0.0687628, -0.144704
-0.293858, 0.614438, -0.749473
-0.00771844, -0.620555, -0.770363
-0.302526, 0.60754, -0.711139
-0.164672, -1.01149, -0.140305
-0.704845, 0.570563, -0.425827
-0.345595, 0.51327, 0.733169
-0.61359, 0.691161, -0.287964
0.528108, 0.612484, 0.551061
0.159456, -0.0266749, 0.977959
0.635922, 0.147075, -0.747443
-0.202781, -0.968949, -0.167656
-0.964395, -0.251397, 0.0882901
0.0602294, -0.880114, -0.480395
-0.598597, 0.831787, -0.137102
-0.560023, -0.1376, -0.748199
0.114858, -0.443514, -0.937027
0.785054, -0.613389, 0.243274
-0.721396, -0.204652, 0.690871
0.0221478, -0.970811, 0.281997
-0.262957, 0.933705, 0.283619
0.789943, -0.552092, -0.270665
0.701499, 0.427426, 0.535117
-0.112922, 1.00268, -0.0831913
-0.551923, 0.881726, 0.065094
-0.431663, -0.881586, -0.208027
0.13966, -0.930412, -0.144147
-0.137428, -0.604533, -0.750524
-0.583155, -0.783878, 0.0130983
-0.255513, -0.761735, -0.582693
-0.720479, -0.660425, 0.130011
-0.523534, 0.700967, -0.506364
0.452256, -0.527389, -0.706709
0.620003, -0.368972, 0.828169
0.166401, 0.184158, 0.974661
-0.0833148, 0.375393, -0.886275
-0.603815, -0.496924, -0.500472
0.886134, -0.412144, 0.105474
-0.603101, -0.12272, -0.772078
0.798927, -0.254824, -0.49573
0.997727, -0.109222, 0.327467
0.684909, -0.031265, 0.705403
0.725761, 0.614971, 0.342758
0.49591, -0.687804, 0.583244
-0.198362, 0.836035, -0.430966
-0.0664825, -0.629068, 0.802449
0.426781, -0.869635, 0.297352
-0.0558991, -0.022546, 0.993935
0.203045, 0.456403, 0.850896
0.337641, -0.425715, -0.744253
-0.410112, -0.810972, -0.434762
-0.128547, 0.0499503, -0.974637
-0.879085, 0.130646, -0.503188
0.724757, 0.527729, -0.426839
-0.0276659, -0.866604, -0.440502
-0.0938713, 0.824458, 0.561999
-0.90906, -0.445162, -0.112062
0.353373, 0.109443, -0.874153
0.83805, -0.558329, 0.130364
0.288743, 0.715389, -0.654316
-0.150372, -0.151441, 0.944358
0.32016, -0.963587, -0.185955
0.331672, 0.922699, 0.332943
-0.156225, 0.970136, 0.173187
-0.533884, -0.591346, 0.606391
0.175419, 0.986862, 0.0776028
0.504048, -0.814642, -0.404274
-0.534617, 0.82352, -0.213379
-0.8923, 0.512723, -0.0599002
0.440599, 0.861785, 0.0661031
0.837454, 0.396894, -0.545056
-0.532421, -0.60685, -0.511618
0.701627, -0.0533437, -0.646779
-0.946931, -0.11477, -0.213397
0.565276, -0.176849, 0.837967
0.996227, 0.0138675, -0.112864
-0.149894, 0.61216, 0.76848
-0.131205, -0.206266, -0.982111
-1.0118, -0.125818, 0.212294
0.529645, -0.456911, 0.688499
0.813504, 0.527494, 0.0472607
-0.658361, 0.673256, -0.189513
0.713104, 0.703982, -0.288309
0.313536, 0.842846, -0.437212
-0.658588, 0.773015, 0.208559
0.328124, -0.414889, -0.864661
0.642868, 0.0879876, 0.76612
-0.26001, -0.940472, 0.250543
-0.778755, -0.0321307, -0.600729
-0.103123, -0.911079, 0.154671
0.386609, -0.775182, 0.5424
-0.237738, 0.51528, 0.797565
0.539572, -0.559708, -0.485709
-0.288388, 0.719621, -0.687525
0.230679, 0.6433, -0.817226
0.437705, -0.893806, 0.164974
-0.0404337, -1.03506, -0.187575
0.834716, -0.548843, -0.127784
-0.229386, -0.856243, -0.539286
